geo_id,nonfamily_households,family_households,median_year_structure_built,rent_burden_not_computed,rent_over_50_percent,rent_40_to_50_percent,rent_35_to_40_percent,rent_30_to_35_percent,rent_25_to_30_percent,rent_20_to_25_percent,rent_15_to_20_percent,rent_10_to_15_percent,rent_under_10_percent,total_pop,male_pop,female_pop,median_age,white_pop,black_pop,asian_pop,hispanic_pop,amerindian_pop,other_race_pop,two_or_more_races_pop,not_hispanic_pop,commuters_by_public_transportation,households,median_income,income_per_capita,housing_units,vacant_housing_units,vacant_housing_units_for_rent,vacant_housing_units_for_sale,median_rent,percent_income_spent_on_rent,owner_occupied_housing_units,million_dollar_housing_units,mortgaged_housing_units,families_with_young_children,two_parent_families_with_young_children,two_parents_in_labor_force_families_with_young_children,two_parents_father_in_labor_force_families_with_young_children,two_parents_mother_in_labor_force_families_with_young_children,two_parents_not_in_labor_force_families_with_young_children,one_parent_families_with_young_children,father_one_parent_families_with_young_children,father_in_labor_force_one_parent_families_with_young_children,commute_10_14_mins,commute_15_19_mins,commute_20_24_mins,commute_25_29_mins,commute_30_34_mins,commute_45_59_mins,aggregate_travel_time_to_work,income_less_10000,income_10000_14999,income_15000_19999,income_20000_24999,income_25000_29999,income_30000_34999,income_35000_39999,income_40000_44999,income_45000_49999,income_50000_59999,income_60000_74999,income_75000_99999,income_100000_124999,income_125000_149999,income_150000_199999,income_200000_or_more,renter_occupied_housing_units_paying_cash_median_gross_rent,owner_occupied_housing_units_lower_value_quartile,owner_occupied_housing_units_median_value,owner_occupied_housing_units_upper_value_quartile,married_households,occupied_housing_units,housing_units_renter_occupied,dwellings_1_units_detached,dwellings_1_units_attached,dwellings_2_units,dwellings_3_to_4_units,dwellings_5_to_9_units,dwellings_10_to_19_units,dwellings_20_to_49_units,dwellings_50_or_more_units,mobile_homes,housing_built_2005_or_later,housing_built_2000_to_2004,housing_built_1939_or_earlier,male_under_5,male_5_to_9,male_10_to_14,male_15_to_17,male_18_to_19,male_20,male_21,male_22_to_24,male_25_to_29,male_30_to_34,male_35_to_39,male_40_to_44,male_45_to_49,male_50_to_54,male_55_to_59,male_60_61,male_62_64,male_65_to_66,male_67_to_69,male_70_to_74,male_75_to_79,male_80_to_84,male_85_and_over,female_under_5,female_5_to_9,female_10_to_14,female_15_to_17,female_18_to_19,female_20,female_21,female_22_to_24,female_25_to_29,female_30_to_34,female_35_to_39,female_40_to_44,female_45_to_49,female_50_to_54,female_55_to_59,female_60_to_61,female_62_to_64,female_65_to_66,female_67_to_69,female_70_to_74,female_75_to_79,female_80_to_84,female_85_and_over,white_including_hispanic,black_including_hispanic,amerindian_including_hispanic,asian_including_hispanic,commute_5_9_mins,commute_35_39_mins,commute_40_44_mins,commute_60_89_mins,commute_90_more_mins,households_retirement_income,armed_forces,civilian_labor_force,employed_pop,unemployed_pop,not_in_labor_force,pop_16_over,pop_in_labor_force,asian_male_45_54,asian_male_55_64,black_male_45_54,black_male_55_64,hispanic_male_45_54,hispanic_male_55_64,white_male_45_54,white_male_55_64,bachelors_degree_2,bachelors_degree_or_higher_25_64,children,children_in_single_female_hh,commuters_by_bus,commuters_by_car_truck_van,commuters_by_carpool,commuters_by_subway_or_elevated,commuters_drove_alone,different_house_year_ago_different_city,different_house_year_ago_same_city,employed_agriculture_forestry_fishing_hunting_mining,employed_arts_entertainment_recreation_accommodation_food,employed_construction,employed_education_health_social,employed_finance_insurance_real_estate,employed_information,employed_manufacturing,employed_other_services_not_public_admin,employed_public_administration,employed_retail_trade,employed_science_management_admin_waste,employed_transportation_warehousing_utilities,employed_wholesale_trade,female_female_households,four_more_cars,gini_index,graduate_professional_degree,group_quarters,high_school_including_ged,households_public_asst_or_food_stamps,in_grades_1_to_4,in_grades_5_to_8,in_grades_9_to_12,in_school,in_undergrad_college,less_than_high_school_graduate,male_45_64_associates_degree,male_45_64_bachelors_degree,male_45_64_graduate_degree,male_45_64_less_than_9_grade,male_45_64_grade_9_12,male_45_64_high_school,male_45_64_some_college,male_45_to_64,male_male_households,management_business_sci_arts_employed,no_car,no_cars,not_us_citizen_pop,occupation_management_arts,occupation_natural_resources_construction_maintenance,occupation_production_transportation_material,occupation_sales_office,occupation_services,one_car,two_cars,three_cars,pop_25_64,pop_determined_poverty_status,population_1_year_and_over,population_3_years_over,poverty,sales_office_employed,some_college_and_associates_degree,walked_to_work,worked_at_home,workers_16_and_over,associates_degree,bachelors_degree,high_school_diploma,less_one_year_college,masters_degree,one_year_more_college,pop_25_years_over,commute_35_44_mins,commute_60_more_mins,commute_less_10_mins,commuters_16_over,hispanic_any_race,pop_5_years_over,speak_only_english_at_home,speak_spanish_at_home,speak_spanish_at_home_low_english,pop_15_and_over,pop_never_married,pop_now_married,pop_separated,pop_widowed,pop_divorced,do_date
15,138460,316849,1979,15878,47549,18124,10608,15862,19698,21043,20103,13124,7956,1420491,710702,709789,39.3,308375,26978,521237,151356,1976,1321,274372,1269135,40582,455309,80212,35255,546261,90952,21097,4707,1475,31.6,265364,29411,170872,97334,66391,41699,20234,3597,861,30943,6484,6150,81871,97877,92885,35409,114235,60912,18501560,24091,9842,14171,13740,14803,17909,14612,18829,14371,29884,40807,60450,53504,37961,43919,46416,1613,409800,631700,892300,235162,455309,189945,288575,50280,11219,21758,33494,29155,31053,79761,952,14424,13987,19325,43861,43516,43334,23704,16295,10120,8397,31884,54668,49361,47170,45351,43383,42663,43224,19414,25658,16762,23334,32035,18892,13563,14113,43576,40918,41242,23104,14757,6615,8916,24663,48873,48123,47906,41114,42279,43065,43071,20197,28602,19166,25311,32764,22521,17046,25960,345652,28325,3237,534479,58713,16403,31471,45900,19752,109694,40660,712135,684905,27230,394961,1147756,752795,35492,39142,1852,1189,7186,4829,20140,24458,218828,251343,303255,65059,40380,580261,104144,21,476117,130275,48971,8883,115570,49841,145225,43922,9269,20416,29691,57589,76567,70481,45346,12105,619,42092,0.445,114745,43754,266728,48885,66822,68113,61031,325091,75266,80079,20460,35437,18539,4564,6800,52413,36129,174342,685,234304,22151,39266,110391,234304,63152,70078,150740,166631,150118,161272,62561,734122,1382448,1403653,1370130,122143,150740,315209,25879,37933,707479,110557,218828,244008,58960,79475,145692,995589,47874,65652,72831,669546,151356,,,,,,,,,,,2018
72,388283,791354,1978,178625,63579,20442,12875,18473,22014,23545,21476,18263,6554,3195153,1520415,1674738,42.9,30793,4372,1747,3154017,0,3077,1147,41136,17251,1179637,20296,12805,1553061,373424,27739,21934,378,33.2,793791,2331,302284,149861,48159,32334,11660,2412,1753,101702,22958,19002,106771,137624,144283,47286,162610,78529,29029515,317019,144175,122517,100602,75656,64454,56826,47885,40672,58875,54787,44369,22355,9560,8143,11742,484,80800,110800,158400,438070,1179637,385846,1071943,183062,45146,43633,67120,43821,26571,65899,5866,4174,15010,50929,64214,86451,92874,61318,46416,24736,23884,64343,102593,83426,86871,101051,98088,100502,102079,42115,51577,37209,51578,74464,55060,37568,31998,61582,81019,88172,58380,43937,22858,22525,64414,104125,91301,99263,109794,107733,115805,112820,45474,72197,39782,59046,99740,73623,51528,49620,2079304,400936,4013,5144,57229,26881,48721,91403,40762,201790,1510,1182648,1004429,178219,1500127,2684285,1184158,,,28831,27165,194752,192765,2855,2398,,494271,594010,266594,5241,903299,77865,2280,825434,,,13106,99941,56193,231036,58541,13609,91250,51799,93770,133398,101059,37781,22946,1631,41362,0.5424,,35458,,502922,142453,146861,153451,742847,203140,,36371,60731,28605,49483,33596,132691,52884,394361,1324,323351,31991,182152,,323351,93191,115460,254856,217571,495951,347342,112830,1626814,3165711,,3122920,1363666,254856,,20540,22390,980796,241678,430692,593674,35044,120713,240998,2288030,75602,132165,73536,958406,3154017,,,,,,,,,,,2018
02,87024,167527,1984,8470,15113,6184,4172,8608,10588,10980,10769,7748,4811,737438,382952,354486,34.9,443304,24011,45513,53069,107887,895,54882,684369,4382,254551,74346,35735,318352,63801,8371,3525,1077,27.4,167108,757,102706,60207,40726,22625,15336,2393,372,19481,6297,4875,64546,68345,44414,14334,23643,10947,6413555,11444,8384,8000,8322,8725,8058,9890,8058,8305,18403,30848,34149,29872,18533,21159,22401,1177,184900,276100,378500,127824,254551,87443,200691,23184,17649,23337,14417,8792,10105,5161,14675,7195,10349,5357,26424,26760,25225,14777,10021,6331,5314,16476,34127,28444,27350,21886,22497,24912,24338,10300,13453,9264,10947,10766,6407,3497,3436,25749,25784,24522,14219,9497,3291,3969,13726,28489,26628,26132,21652,19990,21934,22962,9987,12272,7812,9304,11537,6267,4829,3934,474555,25197,111371,46381,60728,2072,4304,9032,7290,50923,17706,371179,345769,25410,183995,572880,388885,2505,2053,1602,1224,4066,1751,31370,35968,89635,117735,183460,30907,4118,285232,43608,0,241624,67025,46303,15884,34973,19458,82411,11023,7578,15461,15879,41942,37178,30893,28154,4935,342,19208,0.4322,56793,26772,137293,34249,40932,40214,38329,185581,35121,32444,8120,15075,11621,1759,4294,30132,24499,95500,322,130611,17865,22213,24509,130611,39585,42810,69643,63120,77775,92320,43035,397353,720869,727164,708414,78620,69643,169188,27597,18738,355403,39938,89635,111553,37391,38582,91859,485353,6376,16322,87738,336665,,,,,,,,,,,,2018
30,165778,265643,1978,14710,29277,9313,7140,10076,13463,17486,17040,13378,8520,1062305,534782,527523,40.1,912200,4899,8474,41605,65452,980,27766,1020700,3876,431421,55328,30680,515161,83740,11445,3895,707,27.4,291018,3900,164197,70728,52271,31710,17653,2188,720,18457,6444,5846,91824,87929,63635,22572,35984,15505,8853865,27366,21951,18131,24157,22396,21901,19036,20672,19942,37350,48702,56953,35936,19158,20393,17377,811,155900,249200,377100,213173,431421,140403,357557,20255,15029,22181,15387,13242,9673,9601,51208,20783,16288,22067,31809,33044,34543,18835,16262,8312,5875,21750,35073,32038,36928,29173,30149,30455,35053,16828,22462,14273,20353,26033,17254,10294,7986,29879,28688,33373,19794,12495,5990,5590,20305,33581,33284,32650,29912,29858,30628,37008,16213,24229,13729,20343,26324,19760,11123,12767,941438,5056,68013,8517,91894,6242,5018,11425,9840,82933,3179,542061,523058,19003,312628,857868,545240,392,285,,,2143,1643,52999,67599,152448,172866,229965,41778,3876,434218,48660,0,385558,113305,43763,34072,62269,36751,119013,28711,8678,28981,26328,32199,59755,45662,29896,10743,582,49172,0.4535,80957,28965,205496,41925,49043,53999,48335,238739,47339,45079,11810,23257,14395,1541,7663,41021,35260,134947,215,191526,10079,21832,9798,191526,60251,56429,112707,102145,114227,161966,84224,535522,1037462,1051757,1028186,135114,112707,251781,28187,37575,514776,71397,152448,170480,56499,57723,123885,735761,11260,21265,127227,477201,,,,,,,,,,,,2018
28,380682,727948,1984,52023,76435,26639,21747,25500,33275,37713,38747,25998,14358,2986530,1446829,1539701,37.7,1684276,1130353,25819,87126,12675,4320,40782,2899404,3048,1108630,44717,24160,1332631,224001,41723,17818,591,30,756195,3036,365204,203783,111963,71327,36290,3168,1178,91820,14167,12453,178397,204915,172675,74126,169096,79520,29622810,117300,71010,71976,68810,62732,59787,52261,53030,49011,78607,110274,131216,67746,41019,40305,33546,777,68100,123300,202100,491760,1108630,352435,914062,16272,34725,39112,59711,32100,17471,14901,202667,41954,46625,44299,89992,102534,107205,61318,52463,23632,20830,59307,95992,86517,97474,87360,85859,88623,92889,38735,50430,30904,41688,58908,39750,18813,15606,87769,89057,108967,58880,46383,23800,20348,56762,102594,93924,103486,92376,92655,92527,97934,43949,59536,35641,47334,69881,50186,34958,30754,1735455,1135599,13234,26142,126439,32940,30642,51824,30495,223063,10553,1326206,1231410,94796,1025922,2362681,1336759,1197,1320,59219,61678,4961,1902,106774,115626,284701,359708,705722,251904,2318,1148796,108124,123,1040672,265787,100001,30496,117574,77365,310643,54959,15278,161967,57386,65638,145942,87295,76886,29981,773,90423,0.4828,173993,98060,589363,168985,157083,165700,166038,772346,164015,288595,30131,44571,26562,20571,40953,116538,77210,356536,660,399518,24832,68961,44265,399518,125562,227196,254230,224904,367794,405441,176011,1502860,2886448,2955717,2885964,567645,254230,640631,16692,32097,1217480,200375,284701,475011,128440,122992,311816,1977283,63582,82319,160753,1185383,87126,,,,,,,,,,,2018
46,125742,219707,1977,10666,17244,8535,6511,8870,12100,13539,14860,12869,5768,882235,445271,436964,37.2,718783,18895,14791,33983,74907,271,20554,848252,1100,345449,56274,29953,397506,52057,9206,3847,631,26.3,234487,1200,129323,68463,46735,35105,10254,814,562,21728,4450,3957,89722,76573,57514,17971,27344,14097,7290210,19810,15170,13864,15293,17024,20878,16522,17793,17637,27562,37876,51063,32766,14480,14742,12969,734,101800,171500,266400,171939,345449,110962,268118,14848,6303,15680,14853,17655,15972,9611,34039,17268,17695,16705,31161,30921,32454,16370,14064,6572,5299,16322,33152,29250,28744,24894,23627,26075,29614,10543,18225,11826,12461,18316,10986,6745,7650,29266,27844,29112,17335,12067,7477,4917,18204,28278,25620,26848,24681,23402,24159,29199,12179,18002,11062,13568,17789,12720,9124,14111,740870,19057,78068,15023,80209,6567,5925,9033,4224,53168,2922,467568,453723,13845,219693,690183,470490,1142,465,1462,460,1783,1254,41258,52925,117943,132893,214463,49301,1100,402558,39397,0,363161,78532,48420,28525,38884,31755,112933,31220,6861,45924,21181,21634,51461,30219,20012,13114,201,37321,0.4445,52455,34043,180511,30727,48216,46733,45809,219023,40852,45157,11611,17264,9222,2686,5137,40744,21420,108084,138,160067,6883,16198,22482,160067,45864,65052,95947,86793,100758,125257,65915,436492,852419,871271,846698,111626,95947,186784,12744,27597,448044,70838,117943,152145,35843,36966,80103,582850,12492,13257,111477,420447,,,,,,,,,,,,2018
16,202505,437765,1986,16157,33841,16496,13981,14471,19489,23361,24358,17757,7443,1754208,882158,872050,36.8,1434463,10007,26186,222464,18867,1429,38570,1531744,6348,640270,55583,27816,735703,95433,10677,6026,728,28.3,452916,4386,290501,132959,102576,47426,50316,3346,1488,30383,9115,8459,128938,146004,106135,40350,74151,36283,15644395,35130,27612,28601,36436,26828,33413,32798,34868,30196,57852,77036,79485,55652,28503,29123,26737,848,154800,233100,343600,348814,640270,187354,532952,24127,17811,31382,19049,16671,12179,16743,62654,41937,22819,27807,59181,62160,67024,41539,25176,10998,12499,37021,60911,55142,56975,52841,52475,50050,54579,17915,33206,21226,26655,34534,26038,13409,10604,54512,61799,62923,36232,24065,12320,9891,33121,56719,55308,54284,55613,50229,48381,57414,20689,31575,20922,27721,37339,26686,15208,19099,1576846,12075,23026,27026,106052,13459,16927,24456,12438,125142,3375,840240,806802,33438,514122,1357737,843615,2712,953,1280,519,12805,8309,83491,93301,213462,244823,445370,77502,6186,704366,71019,0,633347,209351,79954,41718,70245,66078,177953,42145,10817,82174,35796,40264,97014,83085,36642,22871,794,78624,0.4454,102800,30161,318218,60999,96093,101298,102954,451266,87430,103868,19840,35496,20198,10037,14113,58247,50294,208225,469,286376,10774,23920,59787,286376,101475,104512,180901,133538,175552,243323,118851,864306,1723154,1734756,1688927,203264,180901,405399,19701,49341,794523,113323,213462,256141,95336,72465,196740,1143747,30386,36894,146041,745182,,,,,,,,,,,,2018
50,105569,155804,1974,5396,15993,4987,4936,5455,9472,8579,10473,4773,2511,626299,308118,318181,43.1,579944,7206,11841,12450,1701,1143,11875,613849,2776,261373,60782,33956,337133,75760,3891,3183,853,28.8,188798,1576,116755,33985,25498,19235,5266,752,245,8487,2885,2683,44567,48993,40086,20266,34764,21365,7081515,15364,12536,10652,11410,10330,12942,12530,11122,9003,23187,25316,38452,26920,14957,14117,12535,969,157100,233100,340100,122744,261373,72575,225886,14799,18553,21053,14817,6388,8760,5414,21446,7547,7114,11777,15078,15360,17916,10587,12038,5805,4829,11081,19470,17977,18527,15958,19156,20925,23285,9149,14201,8556,11395,16750,10136,5704,4235,13732,16659,16022,10173,9431,5866,4251,11647,19181,18430,18346,17282,19241,21373,23764,10126,15558,10384,12793,15877,11693,7438,8914,589337,7621,1743,11859,36260,10784,10445,12615,5539,46703,757,344075,330947,13128,180256,525088,344832,563,199,413,221,1148,315,37477,44926,103068,128942,115527,21609,2612,273659,29202,105,244457,63117,14007,8981,33240,22391,97977,14024,5288,32226,15529,14995,39077,30564,10060,6595,465,12581,0.4473,69521,25709,127349,29498,24388,27001,27281,141446,37895,28903,7522,17239,11465,1404,5556,29086,14444,86716,146,143904,6441,16509,12100,143904,31686,36068,60177,59112,89022,109380,33881,321949,601261,621681,609159,66013,60177,116983,16920,24206,324340,38133,103068,111598,24420,49452,54430,445824,21229,18154,50710,300134,,,,,,,,,,,,2018
10,129272,238399,1983,6692,26834,9998,5530,10172,9898,11503,11895,10275,3729,967171,467924,499247,41.1,598105,210908,38860,91975,3397,1258,21848,875196,9756,367671,64805,33745,438659,70988,6633,3297,939,31.3,261145,2977,165425,59319,35804,24518,10646,582,58,23515,5581,5581,57236,70248,69463,32333,58098,31509,11274595,22040,14567,12155,18515,17266,17000,13796,14614,13958,27049,39991,50462,35909,21962,24090,24297,1108,173900,255300,367100,173834,367671,106526,252049,74414,5466,8995,14202,23207,6856,13778,39342,21732,16981,17979,27611,25189,32406,17537,11902,6890,6119,17681,33116,30681,29862,24970,27916,31046,32955,13527,17537,11520,16439,21843,15495,8007,7675,26724,26639,30004,17040,12866,6994,7673,14196,32930,30672,29537,28024,30011,33914,35771,13010,23465,13040,18896,26157,20882,9873,10929,659781,217594,4397,39023,39099,13359,14183,21789,12371,93929,3414,486292,458434,27858,298593,788299,489706,2077,1909,12990,11681,5451,3278,37658,46029,124178,157678,203150,56462,7534,401553,41270,614,360283,86426,16009,6146,43498,30425,114026,40218,4631,40645,21192,25182,56067,43474,23602,9328,1257,21691,0.4587,88814,24960,225797,43911,44449,50766,45872,223499,49835,69081,8655,23454,13591,3375,7553,44371,21982,122981,1387,177791,13197,23432,48523,177791,39745,52936,101410,86552,116188,155904,50456,498944,940786,958770,937066,117242,101410,171830,10720,25739,452707,51648,124178,206004,39185,66391,80997,679700,27542,34160,46379,426968,91975,,,,,,,,,,,2018
56,85727,144525,1980,7192,12511,5267,3281,4369,6791,10265,6525,8242,3997,577737,292619,285118,38.5,485040,3102,5612,57895,14292,537,10194,519842,3497,230252,61584,33522,278615,48363,9735,3109,724,26.2,161812,2368,94761,40478,29943,18061,10604,847,431,10535,2499,2279,64917,44481,19731,6883,13659,7650,4331640,12176,7762,11095,10441,10415,12385,10571,8790,10640,16797,25209,31893,23509,13801,13524,11244,818,157700,230500,336700,116706,230252,68440,183007,12357,7304,12632,8817,7769,7161,3271,35891,8997,13117,13681,18356,17875,20646,11067,9941,2634,2280,11033,21162,20179,21069,16764,16528,17922,17947,9578,11578,6647,10339,12544,7826,5053,3651,17039,17062,19999,11052,8684,5050,2482,9401,17821,18092,18503,16069,17019,16018,20055,8083,12192,6738,12135,11064,9644,5309,5607,528453,3667,16185,5807,65934,4011,2598,8136,3969,45388,3711,299120,287436,11684,157291,460122,302831,,,,,3429,1727,28404,36043,66449,81612,133096,26071,3385,244590,28889,0,215701,58466,30225,30534,31586,25950,70460,11644,3946,12001,13132,18000,30182,16135,17385,6481,67,29460,0.4555,39134,14207,113351,12755,28428,30993,31230,144493,29189,26309,7827,11493,6731,931,3092,26427,17052,73553,0,101136,6919,10025,11226,101136,43588,35650,56088,50974,57192,85534,48041,296579,563374,570867,556488,62301,56088,147893,12127,17692,284573,44089,66449,92312,34425,28596,69379,393136,6609,12105,90846,266881,,,,,,,,,,,,2018
23,227765,342542,1975,13224,34216,12339,10557,15472,21667,19928,17700,14927,4051,1338404,655734,682670,45.1,1245001,18501,15356,22411,8204,1315,27527,1315993,3987,570307,55602,32095,746592,176285,9294,6597,747,29.3,406226,3453,247344,74791,53116,37335,12379,2295,1107,21675,5662,4759,98851,92053,86319,42507,71914,46764,15067955,35502,31599,29359,27172,25364,28161,30294,22854,26240,45310,58087,76941,49339,31241,28110,24734,839,122200,197500,297900,267015,570307,164081,515495,15915,37001,43510,30459,11449,17777,12701,61781,16543,18980,34879,32681,35539,36361,23815,17187,5769,8503,23069,40656,40084,40691,35497,41871,46768,49118,22148,31104,21161,24204,32768,19942,14148,12650,30729,32321,36188,20918,15405,6051,7772,22714,39046,40158,39377,37871,43061,48766,56096,22043,32958,21098,25935,38787,25907,17270,22199,1261453,18954,8566,15683,78471,24165,21185,26047,12743,116046,1555,703405,678540,24865,415279,1120239,704960,976,226,1010,1029,1640,784,83356,98561,197489,226506,248552,51903,3373,584151,65824,53,518327,142775,34384,17147,58118,46978,187430,45497,10321,58267,32996,25921,88877,64333,29640,13015,1934,33053,0.4516,112561,35836,309259,78343,52125,59403,58108,270425,59156,68461,19379,31607,17363,3868,9436,72313,37043,191009,1068,253718,13554,42432,22533,253718,70310,84419,145515,124578,187690,230706,76426,707313,1301941,1324095,1298513,151541,145515,295612,27056,39636,665930,95274,197489,258061,61554,79762,138784,983382,45350,38790,103746,626294,,,,,,,,,,,,2018
38,131436,187919,1980,9527,19227,8573,6444,8247,11330,15901,17213,15457,7969,760077,391222,368855,35.4,636952,25541,13642,27444,39559,1584,15016,732633,2939,319355,63837,34848,377661,58306,14711,3019,739,24.6,199467,785,106417,60717,43477,31303,11461,644,69,17240,4714,4469,91476,75667,37232,11919,21484,11019,6808475,18381,12933,13222,12498,13048,13015,13109,13518,15369,24677,33698,43633,35916,19893,20234,16211,808,112300,198700,291600,149349,319355,119888,216035,21046,7547,13569,14313,18763,40477,20281,25572,34919,27313,14806,26887,25995,25984,12432,12083,8056,7041,17810,33670,29988,26493,21557,20516,20306,26133,10301,12204,9163,9678,13223,8234,6277,7191,25288,24809,21290,12029,9911,5402,5697,18584,27636,25440,23894,18928,19941,20754,23303,10081,13201,8623,10264,13096,10550,8886,11248,651687,25896,41270,13749,76552,3706,3864,11500,7805,39976,6262,412509,400818,11691,183103,601874,418771,636,198,1082,1046,850,1029,35715,44210,110664,122477,174714,33175,2808,362366,34811,0,327555,77278,45685,38417,30282,24743,106818,23646,4420,27951,16129,20160,45560,25788,23777,13127,480,32967,0.4427,37946,25084,129495,24108,39116,37281,31784,187877,49110,38508,14765,14380,5781,2199,3545,27927,20863,89460,525,151241,7479,16591,19882,151241,48793,54422,73901,72461,93333,120126,56338,384346,736671,749825,729484,78676,73901,184166,13525,14897,398691,74715,110664,111463,31351,26850,78100,500779,7570,19305,108122,383794,,,,,,,,,,,,2018
54,272792,461911,1975,38692,41853,16083,9183,13452,19663,18370,18944,16299,9490,1805832,894657,911175,42.8,1661773,68042,13311,25569,2535,2286,31865,1780263,6188,734703,44097,26179,893742,159039,15107,10674,546,29.7,532674,811,244953,106195,61649,33229,22058,4527,1835,44546,11630,9511,105202,114694,102688,43037,76778,51922,18589170,66891,46072,49729,48260,43092,44204,40921,34440,32177,56557,72132,72450,55793,27394,23453,21138,735,70400,121300,198100,347271,734703,202029,633400,18855,17514,25458,25919,15698,9605,13255,133459,14065,17562,66084,47646,51327,53915,34730,24673,12828,14236,32648,54335,50000,54115,56763,57336,59574,60331,26378,39094,23776,37423,42509,29402,17955,13663,46276,45876,53475,29980,23393,12136,10583,31329,54433,50234,52795,55130,57725,58474,67118,26771,38959,27287,39188,45107,35254,23096,26556,1679773,68679,2629,13459,75010,18880,22918,38641,28278,180968,1053,787456,741817,45639,698961,1487470,788509,638,507,5414,4614,910,1400,108675,117995,163614,206678,363225,92283,5724,667994,62368,64,605626,166031,34230,27011,71606,42290,202197,28012,10863,60048,31632,53635,95354,61042,43202,14925,642,45737,0.4742,109489,47916,508339,126007,77981,81969,85440,376972,75740,156585,14350,29557,16657,10127,23237,107241,41544,242713,645,250077,20984,63539,13302,250077,75885,110600,162702,142553,257627,264465,103335,919565,1753476,1787630,1750095,312188,162702,342754,19114,24893,727427,96253,163614,426284,79975,76634,166526,1280781,41798,66919,99496,702534,,,,,,,,,,,,2018
33,189460,341752,1977,7340,33217,13020,9063,13892,17871,21602,18483,11863,6119,1356458,669442,687016,43.1,1217767,18950,35901,52648,3538,1860,25321,1303810,6431,531212,74991,39521,638112,106900,7476,4238,959,29.1,378742,3452,242076,72834,50685,33790,15922,579,394,22149,7267,6173,91786,95609,85902,46133,81292,55152,18370270,22512,17139,20855,20039,20846,21696,17850,21780,16577,36323,50014,73167,57624,41832,44619,48339,1090,184400,270000,376100,274309,531212,152470,403645,33543,34508,35243,29293,18634,27938,16081,39053,13735,13209,23853,32106,33940,39024,24822,20295,9266,8189,27048,45234,41807,39810,37586,44562,49517,54864,20523,28747,17783,23320,29866,18933,11096,11104,30751,34995,37848,24642,22073,8774,8911,23026,40248,40533,39544,38025,44494,51145,56717,24803,27433,17330,23971,34329,23116,14588,19720,1253931,23432,3562,36048,67847,24807,28792,42745,24383,106020,1406,755907,729001,26906,372369,1129682,757313,2369,1541,1844,780,2137,1470,85529,98920,217282,273218,258128,51464,5001,629792,53106,390,576686,135930,32373,5650,64992,49619,176651,43855,13263,92892,33440,26452,93598,85558,25966,17065,1009,40262,0.453,140297,42542,269202,40170,55405,62845,66380,303448,70678,66510,21031,40981,27213,3873,9014,59975,36126,198213,1389,294942,11726,28718,31982,294942,62538,90430,160533,120558,159219,215762,87251,725592,1312006,1344750,1319426,100220,160533,277457,18327,48986,713985,99230,217282,228576,57874,104805,120353,970748,53599,67128,88398,664999,52648,1293601,1193312,31092,11104,,,,,,,2018
13,1265606,2537406,1989,112239,299002,127080,86412,116579,134113,163889,168364,115425,53474,10519475,5120290,5399185,36.8,5493804,3281137,431551,1021754,17359,33630,228622,9497721,98172,3803012,58756,31187,4326266,523254,108806,45961,823,29.9,2426435,17369,1568112,732952,441790,262699,160649,11602,6840,291162,58131,54040,565757,672936,643900,288330,671599,470006,133615450,268881,157261,170884,192147,178532,183149,157073,175543,154010,290492,386250,467779,340039,201312,224434,255226,1008,114600,189900,308100,1783375,3803012,1376577,2868497,166456,98616,121415,189360,204436,124738,171384,377463,183877,124362,115567,330060,351342,381909,221453,158963,81911,73236,209451,373701,339025,343406,331320,348012,333636,325642,119379,164169,92178,131351,183599,114948,63807,47792,315428,331700,357109,214292,159669,73828,73942,207010,372712,356805,370147,356171,364958,349724,342221,142152,188564,113763,159762,216295,144732,93193,95008,6127645,3319691,34485,436051,337221,149236,196155,363535,150262,669579,42463,5203362,4953466,249896,3066218,8312043,5245825,32173,19330,199006,172596,59728,28688,383150,381667,1362317,1836344,2503293,750136,66198,4342543,460590,26533,3881953,1179268,269528,53220,466952,337361,1015521,300328,115297,533153,244016,243447,551765,619142,347393,125871,6419,296499,0.4822,861716,264562,1942122,466648,567985,585983,606215,2776278,572785,866099,93396,249232,156257,55083,109844,391566,235460,1290838,6449,1864926,138664,237296,583881,1864926,437815,751265,1086006,813454,1225784,1442794,600639,5521744,10238658,10410462,10155794,1468642,1086006,1945918,73027,288952,4891031,562774,1362317,1612167,386817,606345,996327,6978172,345391,513797,430363,4602079,1021754,9873987,8488576,792690,333698,,,,,,,2018
09,486156,891935,1965,26007,120803,45730,28254,39385,50343,56950,50688,33258,19902,3572665,1740533,1832132,41.1,2367636,357164,164859,589810,5105,11387,76460,2982855,79644,1378091,76348,44026,1521123,143032,29409,14047,989,31.5,906771,18816,609456,209899,141129,93599,40116,5460,1954,68770,17448,16898,242544,268721,260162,117726,211759,125277,45387530,73192,53662,46881,52633,49654,49303,45363,51532,41750,91721,122197,168673,134641,97632,128226,171031,1171,188500,277400,406900,650317,1378091,471320,891596,81320,124872,136221,81988,54809,50802,85754,13584,24653,21198,108029,92409,96638,114247,70101,54254,27209,24700,69867,115967,113181,105163,103565,113219,125127,125468,50002,71544,36861,51028,72375,50634,27649,29325,88815,95241,109779,67836,50103,25815,25889,66366,107021,111722,108795,107050,121649,134647,135052,55678,75399,41278,57890,83628,61814,42294,58371,2688136,391552,9507,165855,151572,52941,61799,100159,58507,266803,7179,1928922,1822551,106371,997405,2933506,1936101,10221,7194,25000,20202,34361,21938,167469,195532,544028,780847,735066,187816,36116,1543083,146099,1919,1396984,288262,116704,8346,153140,111277,473504,161050,36810,193491,91005,63218,197200,211138,79814,42558,2075,90038,0.5014,443202,113244,669967,163353,159960,175027,195985,887421,209100,226254,35265,98529,81590,16155,30460,142576,80785,485360,1356,790540,55836,118571,244569,790540,131486,191031,387202,322292,459168,515578,194736,1880249,3468263,3538203,3467011,361377,387202,609945,47111,101519,1793019,195971,544028,594528,131873,325902,282101,2493396,114740,158666,191905,1691500,589810,3391441,2640444,403889,169634,,,,,,,2018
21,593786,1138927,1980,65331,107792,37924,32304,43840,57732,66517,69842,57428,26274,4468402,2199021,2269381,39.1,3776055,349542,64830,161506,6878,8661,96927,4306896,19302,1732713,50247,27823,1995187,262474,37777,17754,601,27.6,1167729,5706,661520,304797,196179,121903,62726,6257,5293,108618,28273,24977,280482,320784,302641,130734,225548,120663,44232510,145630,96738,93999,94964,92196,95711,86612,82543,73744,138742,171351,204609,134610,81981,70071,69212,779,85500,148100,232200,837979,1732713,564984,1347492,52109,56690,87141,85832,66369,31370,31232,235995,65821,56831,87219,139724,145957,144007,88287,61513,35014,32389,88240,156233,133718,141389,136362,142164,141164,150774,57928,80766,49750,67097,87183,56295,36099,26968,133765,134021,141826,80194,58950,34725,30197,80179,152346,137223,139490,135866,143386,148659,153937,64292,92325,53637,74026,103772,71077,53808,51680,3875023,354761,8470,65300,218344,51996,56916,70100,38616,358831,11565,2105668,1995789,109879,1454821,3572054,2117233,4648,2137,21271,22281,7598,5168,247582,256707,442090,602661,1007781,257651,19048,1802934,183996,0,1618938,447727,210264,43656,173210,121345,475629,109467,33352,278003,89963,91356,228334,179339,126293,45842,3074,129001,0.4787,311695,131697,990911,237473,224264,229826,221393,1049367,207557,401064,41768,79931,46144,30505,50823,213842,109783,572796,1476,694175,44966,118860,100539,694175,177204,360898,425612,337900,554029,661182,269641,2308022,4326305,4414714,4301941,730408,425612,893654,38690,79764,1964958,261964,442090,788407,203891,226181,427799,3039414,108912,108716,286714,1885194,161506,4194913,3958456,116714,51905,,,,,,,2018
01,640390,1214794,1984,83848,124235,43018,30309,46340,60512,57428,66867,54722,25648,4887871,2369271,2518600,39.3,3192169,1298603,64942,211485,20450,6970,91455,4676386,6983,1855184,49861,27525,2274711,419527,68102,23952,585,29.1,1262257,4722,694367,324098,191450,112431,69189,6807,3023,132648,26400,23422,265878,339475,318904,124299,295011,154033,50352035,169158,110519,110325,109568,91725,96535,87783,82019,71749,143962,178002,222472,142340,82380,82375,74272,788,81300,147900,239300,879227,1855184,592927,1553659,35014,47366,65919,95316,76921,42321,54261,300058,80310,87959,92027,149436,151958,164696,97945,72354,38027,35913,87578,162850,148415,144980,141474,149523,153378,159550,65854,84370,52413,72211,102466,67149,39597,27134,139153,138411,156734,90772,71138,31749,29594,94949,169544,155167,150450,156576,160357,162915,173150,71993,97255,61506,83715,121085,85393,58886,58108,3306838,1307040,22063,65095,190594,59562,66898,92581,40567,400612,12507,2219106,2094271,124835,1698966,3930579,2231613,3392,2133,74280,73020,9106,4616,212314,224690,536086,664685,1089105,325799,6841,1947388,162698,0,1784690,459908,184307,27779,179783,148005,466839,111736,31038,295039,106061,110525,233006,211524,118685,54251,2192,160283,0.4859,315951,117443,1026976,253287,244700,247976,256273,1174781,245025,448179,44185,91296,55522,21451,67828,207005,125388,612675,1366,737154,39760,117284,95437,737154,204962,367633,448626,335896,588276,671415,317926,2507801,4763828,4832358,4719009,800422,448626,1010272,22416,71400,2068020,288285,536086,848061,201877,229484,520110,3337464,126460,133148,239412,1996620,211485,4599282,4355425,150932,62193,,,,,,,2018
27,797625,1396827,1977,35511,129519,49409,41349,52617,71044,81194,83666,54940,27264,5611179,2793980,2817199,38.2,4455388,362419,271051,308013,54989,8194,149100,5303166,103737,2194452,70315,37192,2455637,261185,30277,11135,876,28.4,1567939,10710,1024974,413963,305082,222758,73132,7433,1759,108881,31428,29221,399843,423019,405770,207942,343115,182205,65299620,97476,83144,75410,85693,82942,91403,91921,89222,84109,160285,222344,303312,231763,159943,168197,167288,969,158300,235400,344200,1103111,2194452,626513,1634981,178329,52350,48429,56431,80942,129021,192532,81691,78074,59096,110375,181160,183282,190493,112038,71688,40771,35126,106809,191683,195563,195164,166551,170628,176633,200627,74041,98669,62416,82302,100755,71341,43322,42918,173772,177431,179874,103997,68665,35794,36746,104304,183843,188452,188855,164397,165919,176500,200453,71905,110712,64327,86993,113693,84721,63391,72455,4629375,367653,60983,273126,327319,96151,110202,104494,47726,378134,2323,3078157,2973535,104622,1371469,4451949,3080480,14914,8773,18672,13493,16700,9353,289001,335708,920850,1134795,1302047,251343,93177,2516294,245484,4859,2270810,520084,216114,64982,240931,171645,765611,211036,46097,389544,130248,105124,332415,290498,143279,82125,3195,166575,0.4536,477278,131278,921287,179131,285856,292900,293238,1403727,288024,252805,83867,158357,82460,17777,30657,194616,152864,720598,2926,1224645,77034,148602,229184,1224645,231481,410657,628938,477814,643782,886980,348513,2920595,5488344,5543490,5395964,529077,628938,1237009,80543,177705,2922866,445513,920850,805258,249936,337189,541560,3809229,206353,152220,424694,2745161,308013,5256247,4614367,211571,78803,,,,,,,2018
40,502003,983307,1978,54295,97921,37797,30056,34459,47535,64001,69099,54090,24067,3943079,1950076,1993003,36.7,2570367,282571,83919,429079,293505,7652,272474,3514000,8202,1485310,51924,28011,1743073,257763,47995,21257,631,26.9,971990,5136,522069,295246,183130,102198,72436,6332,2164,112116,28567,25762,272491,291440,268516,111511,207951,87515,37664990,105449,76081,75801,83436,72644,82739,74624,73946,66839,122187,157398,182783,116656,67424,64313,62990,808,81800,140000,221900,716290,1485310,513320,1271746,33720,32390,46143,66185,62486,31474,37145,158706,72033,71166,87642,132651,133759,140794,80394,60177,31390,32718,73097,141281,130554,130682,118238,116016,113409,126287,47278,65614,38647,53407,77008,49016,31998,25661,125385,128357,137200,77780,52602,32022,26785,70355,139670,131231,131378,111779,114953,114635,129901,52242,72864,44099,63240,85438,60508,43657,46922,2845906,287680,307183,84694,217537,40352,44533,53404,32014,264727,18606,1873107,1791438,81669,1197403,3089116,1891713,4121,3583,17663,16043,22299,13788,158338,181358,434570,515808,956320,247419,7399,1635756,169332,0,1466424,390217,265219,80311,178294,122588,396974,99930,25328,174633,97835,109163,208426,158234,97434,42288,1890,115302,0.4687,233591,110099,816934,196649,215569,218928,212012,1003616,194626,301260,33821,70068,39386,20653,42528,156485,105663,468604,1405,616673,38383,82846,148397,616673,196097,258858,406702,313108,472799,573925,240438,1988012,3825027,3895983,3793895,596949,406702,821258,35111,73647,1777259,207381,434570,687231,202655,167497,411222,2607613,84885,85418,293885,1703612,429079,3685043,3291749,271407,100147,,,,,,,2018
25,980089,1644205,1961,58969,232757,80254,57789,99309,115655,121242,120118,77933,39556,6902149,3350887,3551262,39.5,4882418,483673,468665,846780,10754,53791,153883,6055369,363460,2624294,79835,43349,2915043,290749,37832,15081,1140,29.9,1620712,61211,1105499,413785,292736,207041,72879,9498,3318,121049,24514,22695,386301,436672,406682,192265,485063,371627,102698470,141341,113278,95986,96255,87057,88043,80962,86603,77419,156649,227769,310924,265004,194103,257603,345298,1295,275600,400700,617300,1225244,2624294,1003582,1499164,160371,279800,319082,171623,127902,134774,199051,22911,66463,52730,155338,182455,185390,204145,126133,103995,48367,55677,140991,256362,241072,213494,198766,215612,232939,239151,87142,126406,70517,98793,133975,84126,55229,50150,174768,183888,188453,121894,105319,51699,48779,147468,250753,242145,222349,207531,227884,245116,251438,95405,141622,85787,110663,156811,112022,75889,103579,5335175,537523,16198,472403,267776,119080,171792,337594,120366,434426,4057,3803704,3622984,180720,1895904,5703665,3807761,28492,21076,30447,28171,45171,29326,332243,369129,1178868,1749943,1367126,318275,110613,2747508,264744,179000,2482764,561387,236595,14278,315939,203961,1029386,263518,76851,310373,168472,133170,360781,521600,146922,77733,5017,129125,0.4875,973142,248396,1126183,322496,293540,313921,342165,1732315,450159,446304,62850,197423,171345,37897,45507,245249,140979,901250,5583,1720198,203021,327912,554506,1720198,235983,341757,697419,627627,918416,948880,299961,3695187,6665083,6834364,6689339,663918,697419,1108231,181070,188548,3558966,366687,1178868,995993,236723,681633,504821,4832728,290872,457960,342976,3370418,846780,6544926,4954053,615909,261672,,,,,,,2018
36,2734079,4632936,1957,187789,907890,269624,209369,289240,349864,373899,383661,274566,167328,19542209,9491313,10050896,39,10794347,2789585,1651636,3752523,45465,97323,406565,15789686,2607925,7367015,67844,38884,8363847,996832,151462,68051,1158,31.1,3953785,160676,2366391,1289787,858217,538976,272102,32411,14728,431570,90764,80966,877402,1012723,1075124,504198,1237506,978250,302146320,503909,357629,310940,325741,277816,293279,263872,264265,245075,486211,636270,879308,673922,478113,585743,784922,1274,153900,325500,597200,3243513,7367015,3413230,3492617,420883,850449,572714,438507,361400,679889,1357891,186489,137702,133667,655919,582392,549859,593855,353670,258428,131501,125795,388761,743566,697952,623049,575808,604513,637975,648337,250160,344585,200421,264177,367469,243585,158540,146915,557450,529120,560882,337457,252696,124433,127460,396107,737663,693717,644647,590321,633106,681744,679487,287573,386075,222843,311308,445377,329729,235987,285714,12375601,3069259,84312,1666113,614171,276668,467126,1113138,539930,1387372,22328,10004517,9504716,499801,5918172,15945017,10026845,106923,100645,182684,174369,230088,165982,710751,797643,2846770,4145049,4064685,1058751,501196,5526659,586563,1813297,4940096,1031931,837021,50480,905696,545896,2647464,757363,266579,551379,467645,444239,941072,1166509,555380,205014,14475,279062,0.513,2244696,572948,3546789,1133035,865855,916416,958107,4672225,1113361,1757364,218020,455575,358866,143727,187223,731104,391055,2485570,15423,3959407,2031637,2160302,1850177,3959407,662320,965167,1984656,1933166,2396961,1898571,632119,10460278,19037564,19329704,18869187,2591391,1984656,3276724,555976,421076,9310791,1193573,2846770,3003726,634663,1618369,1448488,13672343,743794,1653068,807650,8889715,3752523,18402367,12756975,2750087,1188676,,,,,,,2018
22,632373,1104847,1979,79246,148160,55509,36982,50040,51105,54430,52518,48185,23521,4659978,2276530,2383448,37.3,2720774,1499008,74845,239954,22714,10835,91242,4420024,23178,1737220,47905,27274,2076136,338916,58229,22486,692,33,1137524,5887,593733,343700,180586,115428,55694,7211,2253,163114,30297,24706,263762,343969,292510,109950,269670,133508,50737165,162460,103020,107839,112377,94200,92737,83101,71996,66803,123309,152877,192211,131968,81551,83523,77248,854,94600,167300,261900,748604,1737220,599696,1362202,57015,87565,83534,60419,55324,41207,58508,267311,79475,82116,81747,153089,151553,166020,92873,68763,36235,29643,87218,163846,156251,158319,132607,136781,139492,144624,60066,83651,51672,67480,83012,53501,34146,25688,148768,145886,151910,87486,59004,37626,30796,87375,165061,160097,159155,139633,142386,148654,158965,62869,92666,56275,76474,99984,74873,49349,48156,2877115,1509407,25657,76255,193945,49758,52060,101571,61936,315441,15583,2152802,2015672,137130,1514476,3682861,2168385,5197,3974,81042,81433,15064,9220,171438,190370,496634,599821,1097585,385456,20997,1829523,179514,470,1650009,400688,155510,69836,221111,166987,482783,99153,27278,155608,100555,109085,228123,193655,110201,51297,3169,82979,0.4936,262019,129499,1071772,269411,242561,254366,246736,1149802,222235,442559,32374,77130,37019,31136,66107,209858,110990,564614,1900,692798,61009,143569,117195,692798,230867,257584,436378,398045,646873,643288,220511,2405123,4529028,4603081,4478976,843626,436378,852749,35902,66932,1993979,203074,496634,903233,170595,183295,479080,3125733,101818,163507,248353,1927047,239954,4358121,4025232,155230,72629,,,,,,,2018
31,279862,485628,1973,19682,49571,17184,14211,18351,28898,34168,38717,26066,12976,1929268,961213,968055,36.7,1515261,89377,45534,214483,14471,2330,47012,1714785,5579,765490,59566,31771,845011,79521,16037,5666,679,26.4,505666,1991,300417,153514,109865,75912,30126,2607,1220,43649,11555,11009,169389,166717,141886,55477,83864,32363,17609055,38361,33679,34686,36439,35126,36755,36267,33679,34989,64936,82701,102838,74856,44015,40328,35835,830,103400,161800,246000,379801,765490,259824,607992,35071,15857,21871,32620,38914,32331,29246,30959,29599,23850,38138,67328,66595,68897,40538,28651,11628,14125,40430,66265,64825,66690,58114,56001,55539,59921,24747,34074,20920,26737,34639,23916,16131,14502,63828,63266,67872,36562,26858,13897,12961,39392,61899,63766,65391,54701,54727,52549,62943,23885,36405,23392,30463,36702,27017,22129,27450,1666990,91221,18555,45779,163476,17628,16863,18108,11091,114392,5408,1035219,999347,35872,465562,1506189,1040627,2407,1519,5465,4492,11866,5176,89840,105871,269675,333066,474886,93521,5203,895390,85937,16,809453,161496,132936,43490,75499,72159,246322,75269,19275,96538,44363,44394,108838,87474,59931,25795,1172,72134,0.4488,141055,51115,326400,68889,98554,105196,106338,505974,102706,108346,26569,42989,22695,9777,11252,64911,52089,230282,268,381088,17476,38819,83357,381088,101231,141740,209792,165496,224363,299492,130682,962442,1875342,1905843,1855185,206341,209792,420964,24350,50265,986223,137646,269675,283093,94598,100126,188720,1266440,34491,29199,222572,935958,214483,1798112,1596516,129609,57443,,,,,,,2018
41,612322,1027648,1979,33055,142198,55228,41938,48952,73900,79059,73441,47797,19549,4190713,2079943,2110770,39.6,3147602,77915,188459,556397,41055,6609,154832,3634316,84316,1639970,63426,34058,1788743,148773,28186,13319,989,29.8,1024853,15343,667980,265616,189156,113076,64368,6799,4913,76460,22999,20660,277094,309110,267672,119904,230066,127399,43965175,87029,65916,68119,72004,72315,74113,73532,70618,66481,124516,173116,222273,154589,99252,106788,109309,1130,228400,341800,481100,793537,1639970,615117,1128451,77192,44404,73750,81106,73911,63832,97895,140938,69549,39256,94195,117907,120346,133273,76355,51654,24800,27470,82926,153533,148292,144236,134221,137518,125569,129941,51887,79235,51774,72087,90042,60534,37643,28700,112608,116568,120588,74943,49104,28427,25108,76256,146727,144103,144051,134325,131974,124419,137291,58912,86535,55982,79769,97942,68299,44157,52682,3514983,82046,49051,190680,222108,47925,65975,81860,34167,324651,2640,2135976,2029021,106955,1279087,3417703,2138616,12395,9113,6119,4590,33215,16310,199185,222763,621190,766637,872588,175213,67641,1620207,189107,6538,1431100,474451,220273,63584,202424,135580,460393,107092,32031,229085,97911,91101,229445,235187,92419,52769,4094,135762,0.4582,381353,88353,655811,254896,193164,201350,203634,961805,212817,279925,48387,101127,62866,21750,40357,123298,126365,524150,3211,808107,62141,112798,236651,808107,188716,253603,412851,365744,513041,621332,257037,2212769,4113142,4152756,4057488,516570,412851,1014101,78004,148880,1994598,269508,621190,534813,236970,266350,507623,2952380,113900,116027,284546,1845718,556397,3960198,3329170,370707,136429,,,,,,,2018
06,4137501,8934621,1975,291241,1573818,574884,399194,517772,645007,688984,618182,413162,184214,39557045,19673553,19883492,36.7,14495479,2179078,5741886,15540142,139116,100696,1217346,24016903,914825,13072122,75277,37124,14277867,1205745,246826,88682,1399,32.5,7165664,636837,4988711,2789122,1864792,1081373,703611,52233,27575,924330,242677,220223,2070884,2533667,2416781,1053645,2656088,1594529,525695390,670677,515804,456076,520133,458689,485094,458942,477566,425951,840945,1203718,1601641,1297651,878474,1166279,1614482,1520,341100,546800,852300,6458423,13072122,5906458,8177141,1014941,358619,783963,874649,742139,712922,1074890,524604,343448,248659,817270,1243103,1219205,1364245,772813,531593,295364,269305,836285,1612531,1501726,1416652,1239771,1280158,1242099,1219182,467108,640896,381346,492810,656071,437938,281483,271869,1185390,1179689,1281851,739242,513822,258227,263844,787423,1504968,1415173,1347874,1260160,1289396,1256373,1265868,505604,682768,413221,569278,773735,538013,393862,457711,23535388,2283850,302792,5821585,1242986,491080,782925,1519579,763244,2121093,130467,20038676,18930012,1108664,11406060,31575203,20169143,380650,329037,144745,144847,942717,645013,987370,1147063,5704852,7346033,8985538,2009822,569812,15535649,1854318,221762,13681331,2956372,1637039,434183,1990269,1244438,3952559,1116445,539066,1675905,1000458,830465,1969641,2601900,1052441,522242,22840,1231941,0.4912,3466224,825850,5559362,1253515,1890174,2059839,2143518,10383463,2636541,4355017,356277,935787,622437,506042,401648,1047119,980133,4849443,31725,7414643,577245,905849,5048044,7414643,1711879,2324103,3965290,3514097,3949527,4823991,2160814,21148307,38818454,39114889,38151126,4969326,3965290,7730189,489073,1111955,18530052,2140543,5704852,4932237,1500321,2365794,4089325,26815644,1274005,2282823,1535675,17418097,15540142,37128552,20574417,10736486,4117248,,,,,,,2018
04,901292,1713006,1990,60746,189585,77613,55618,81974,107029,118982,117854,74383,36147,7171646,3565129,3606517,38,3894250,310388,232105,2266342,277800,9960,166624,4905304,53718,2614298,59246,30530,3035902,421604,56431,29935,884,28.8,1694367,17812,1072502,498764,306301,159268,131725,11000,4308,192463,53514,45535,385269,455236,459848,209621,417231,235295,76216710,157644,94826,116666,131479,116211,127277,127296,118412,107985,221756,278318,342393,227627,144280,149497,152631,1036,156100,241100,360300,1247270,2614298,919931,1950408,138677,36717,101914,124619,130601,76780,153694,311264,121019,92314,48722,223034,221154,253378,141225,101362,51071,50657,153414,267053,240593,227771,219207,216254,206196,206349,87218,119793,78383,105337,156707,115406,71581,51986,210998,220459,235360,136391,98328,48466,50288,135757,245919,225763,224592,211048,217387,212625,224118,92976,136339,84276,123255,179998,131087,80334,80753,5590505,336340,330599,237873,283308,96341,130465,148271,64062,551704,18984,3396893,3215136,181757,2298130,5714007,3415877,14967,10229,20336,17868,123016,85313,242966,282814,898032,1065567,1641999,401390,48412,2765871,348622,1653,2417249,717710,444456,40260,360698,220968,697513,271798,63165,222616,155333,153879,375214,406278,176760,70654,6999,181638,0.4613,540461,159442,1159297,285634,358933,391692,375031,1762743,390374,605934,71532,150399,94622,53192,59960,204640,201465,835810,4667,1178294,83699,156892,528608,1178294,289566,359444,749962,637870,914845,986809,374114,3581201,7013444,7090137,6915138,983499,749962,1636580,55276,214693,3174586,428422,898032,970146,360418,389350,847740,4840304,226806,212333,358254,2959893,2266342,6737614,4882267,1395115,451680,,,,,,,2018
19,467544,800329,1970,29869,72009,24261,19698,25903,37690,42890,49047,42762,19993,3156145,1564888,1591257,38.1,2695583,113562,79643,191473,9710,4000,59229,2964672,16184,1267873,59955,31559,1409568,141695,27291,13231,638,26.6,903751,2890,543108,231199,160106,116825,38115,3582,1584,71093,23112,21523,270584,266053,211228,90997,135560,64263,29367110,69432,54690,55490,58727,56864,62828,57372,60604,53825,104449,139857,181944,118937,71122,62459,59273,777,91800,152000,239600,622142,1267873,364122,1029655,60186,31829,49075,49123,52414,51634,32155,52923,48880,38389,69310,101085,100084,110975,64630,51260,24276,22075,64502,103226,97755,105900,87416,91233,94243,103644,41576,61493,36271,45881,61724,42270,28006,25363,96798,97370,104247,58200,46569,23391,21679,64212,99189,94337,103451,86850,90664,93256,110013,40673,62055,38261,50410,66786,52680,39913,50253,2846099,115137,11494,79971,253363,31350,30663,35680,20298,222259,1355,1676716,1615999,60717,828509,2506580,1678071,4655,2741,5144,4374,10436,5198,163245,191923,413442,488615,733389,159201,15643,1424909,129016,150,1295893,278185,167299,55931,124491,99730,396587,121852,23298,244422,65574,48648,193329,114447,83327,44363,1220,118085,0.4413,197098,98932,649269,130504,154852,172322,164326,791595,170707,162649,47476,67503,32057,12364,19615,134496,78678,392189,1679,586859,29863,71975,106793,586859,148324,278458,334410,267948,369493,490107,218213,1566974,3055939,3119306,3039855,343504,334410,682334,47472,81306,1588720,247997,413442,566515,153714,133905,280623,2104792,62013,55978,350738,1507414,191473,2958262,2696964,123829,44308,,,,,,,2018
55,884590,1487370,1973,45024,152930,61133,42118,63711,83427,99733,112343,86984,32117,5813568,2891282,2922286,39.6,4707567,363642,163421,403833,47092,6629,119584,5409735,44332,2371960,60773,33032,2710718,338758,44803,14804,722,27.2,1592440,8812,1003101,386482,269889,180253,78560,7656,3420,116593,34160,31214,466299,473066,393418,204089,306855,156014,62016855,118890,104567,93784,115125,108320,116722,110209,108686,100963,190119,267222,328085,229061,140465,127171,112571,847,124600,188500,282500,1150650,2371960,779520,1804076,111506,171108,96568,136704,93149,103325,100185,93296,65412,56445,143560,170352,177054,190048,113754,78036,42674,40103,119443,191282,185050,193051,164452,175782,193733,207253,85975,113318,68695,93303,115242,77659,52705,42318,160299,165700,184720,110178,76598,36783,39715,116089,181020,178413,182504,166669,174958,193884,212233,86423,119539,70567,96138,127727,92821,66871,82437,4957243,370632,50364,165380,389453,85484,91294,87368,44323,453204,4571,3091944,2993716,98228,1596983,4693498,3096515,7440,5044,20049,15993,20613,13411,313640,365632,775533,955330,1272105,274445,42782,2637829,222219,60,2415610,520336,253436,64550,245980,177241,710764,178246,49157,546621,126512,101301,322856,252138,142766,75584,4769,159167,0.4483,422543,144736,1222475,251606,274505,299276,295554,1391258,308758,315219,83357,129375,76897,19561,49576,260601,156694,776061,3037,1088816,72908,148260,155439,1088816,258829,544052,609561,492458,754900,952723,356910,3005539,5665153,5751525,5620459,625826,609561,1256252,86491,142881,2956937,438602,775533,1087175,264158,299862,553492,3992022,176778,131691,505846,2814056,403833,5482917,4998965,261707,97032,,,,,,,2018
11,165947,121529,1954,9764,37550,9808,11787,13453,18512,22976,20358,13037,8691,702455,334208,368247,33.9,259371,311654,26959,79249,1281,3502,20103,623206,130216,287476,85203,55328,319579,32103,12150,1695,1421,28.5,121540,14084,91179,50866,27061,22499,4200,362,0,23805,2936,2470,24452,34404,52398,30215,75845,46867,10965565,26780,13332,7625,7998,7778,9161,7109,8411,6921,13113,21919,30730,26516,20875,26259,52949,1516,397800,617900,930300,73009,287476,165936,40050,72989,10221,24071,26455,29639,23570,91908,428,19438,8777,36384,23932,16635,16752,7737,9543,5743,4653,14309,37841,38663,31250,20713,19663,18378,18244,6943,7979,5362,6061,9582,6185,3728,4312,21558,16222,16634,7744,12544,5498,4800,17975,44589,42374,31912,21660,19382,18103,18625,6951,11280,6373,8041,13414,9976,6003,6589,296747,319777,1932,27538,14869,18675,23893,22895,7310,41289,2511,412057,380983,31074,171790,586358,414568,1528,356,16534,18700,4685,2838,14454,11039,129782,263428,127214,57747,47424,148701,19352,81620,129349,47555,68603,1196,36991,10184,71631,24643,14872,4768,33531,61097,16725,90880,12842,1623,407,2467,0.5243,172388,39629,82900,41885,26757,25457,25249,173303,48016,39628,2446,12656,23957,2971,3906,15409,9862,71207,2309,246486,89344,102882,53557,246486,9644,13660,56162,55031,129023,44809,8295,414550,669031,693798,675256,108055,56162,75478,50327,23199,378255,13948,129782,67855,17992,109855,43538,500176,42568,30205,18102,355056,79249,656965,545912,55077,23266,,,,,,,2018
29,883930,1550876,1976,62593,166504,63321,47964,64390,82258,98399,110761,80587,32175,6126452,3003165,3123287,38.8,4857174,698641,120440,253474,23149,9832,156647,5872978,37161,2434806,54478,30498,2806296,371490,57468,28472,639,28.1,1625854,8151,986408,423206,276204,174836,90145,8115,3108,147002,33898,31329,387616,443230,421938,196224,363334,187053,65921805,153553,118186,118905,126566,118065,134751,116695,122846,110011,197449,254528,303086,203045,119451,116628,121041,830,97600,162600,256600,1159502,2434806,808952,1958515,101246,91418,129205,113178,100929,57408,75130,176697,78674,67815,137342,187719,193119,205125,119111,81935,42071,41669,122786,212939,196731,200985,170968,182483,186949,203140,76614,122001,63733,87748,124935,83583,53456,43365,182689,180618,196074,113271,77606,41468,38747,119657,209182,200280,191860,178530,188114,195808,216451,87432,127246,73285,100981,145941,105803,70804,81440,5035197,704327,27705,121417,306684,98792,105908,98975,49389,497891,16744,3049456,2921599,127857,1840803,4907003,3066200,7015,4644,40811,39645,13410,8095,303201,343602,754906,994041,1377726,339377,33179,2621078,243718,2523,2377360,641727,231225,53243,264987,193942,701100,202746,50513,333791,139833,124415,333328,290650,157907,75144,3685,177244,0.4657,480988,174441,1270247,271751,297752,316816,306222,1469063,297711,398377,55089,128429,78777,19218,57182,261820,170672,771187,3201,1099527,76686,167815,131054,1099527,254608,430663,643014,493787,787674,918830,383243,3147713,5943658,6053109,5909932,786330,643014,1278269,59060,138342,2890814,341000,754906,1080418,313408,351868,623861,4182787,204700,148364,400013,2752472,253474,5756044,5392180,144847,51196,,,,,,,2018
12,2782843,5026515,1986,172384,711827,266198,186059,241560,297123,302062,269116,150905,63882,21299325,10404676,10894649,42.2,11344261,3252558,580229,5562452,41492,81784,426855,15736873,158654,7809358,55462,31359,9547762,1738404,251819,109657,1034,33.3,5148242,66515,2890964,1299810,775230,453404,282479,26050,13297,524580,121382,109001,1006086,1310689,1367988,621588,1547356,869144,252645030,511203,351037,377751,413800,381721,404479,378096,365568,339901,636955,800117,947939,646465,384194,403407,466725,1182,140500,230600,356100,3638058,7809358,2661116,5176260,578839,197227,370814,481552,553287,556556,789208,830692,408860,249919,190487,575452,574561,639983,367696,266279,137972,136104,371233,718886,676814,659953,623142,663194,679659,691158,272392,384643,249068,348071,512565,394108,244461,217282,559940,553041,604609,352593,247456,123420,123495,363366,701093,661722,664960,638649,688433,710682,758132,316233,433596,281205,412869,600456,442414,312567,343718,15899574,3410741,59870,593634,619713,316323,412598,569397,211101,1571866,50510,10265785,9734940,530845,7245485,17561780,10316295,36218,29588,193719,180583,385701,270382,711527,858083,2920459,3380275,4227875,1221939,139148,8496144,899569,10157,7596575,2314384,693362,91537,1162627,756277,2031718,743240,167011,499441,535917,415273,1204325,1297713,577259,252602,12941,344516,0.4887,1726771,430361,4387954,1123486,924479,974455,1013303,4811682,1096555,1761732,250046,494054,289745,114573,204142,814126,524360,2691046,17364,3445087,257337,483844,1929546,3445087,929958,1041410,2371528,1946957,3082218,2974749,924031,10943341,20882651,21092877,20636520,2840977,2371528,4505209,130643,596696,9608687,1489510,2920459,3752049,992488,1190545,2023211,15302125,728921,780498,779721,9011991,5562452,20163933,14167920,4468564,1875331,,,,,,,2018
37,1389167,2622295,1988,117294,288102,114819,90175,118819,146661,167886,168114,132191,54497,10383620,5052244,5331376,38.9,6505973,2184448,303651,995529,108795,25927,250758,9388091,47231,4011462,53855,30737,4684962,673500,107213,41976,723,29,2612904,19953,1623735,683319,424746,252369,154085,12303,5989,258573,53733,49160,637568,778449,715753,325312,610852,336284,113268765,259160,196205,194513,219228,202213,208949,205633,198629,168462,329455,400895,487763,326305,195603,192509,225940,900,108000,180600,296800,1920236,4011462,1398558,3042712,200754,96440,123608,201095,196772,124807,106045,589967,219988,178526,162351,306886,313027,354622,202542,154468,81583,72886,199414,358241,328021,322897,314933,339179,330888,323481,129271,182043,105110,153773,206125,137038,76283,59533,290306,307599,325325,196551,147822,70960,62702,194783,363256,332792,340556,332018,357643,350377,354363,138228,215383,127340,171618,250030,170672,111518,119534,7098569,2222533,120845,306682,439935,151412,161914,200680,89430,787831,90407,5125646,4870838,254808,3136514,8352567,5216053,19357,10428,133679,126584,55094,27646,446887,458136,1454678,1812964,2296858,614690,42344,4371040,452538,2825,3918502,1103644,393921,67349,476976,334687,1102451,312896,84364,596739,249354,209363,552903,541936,228455,113365,6839,330707,0.4782,812123,275434,1802360,479801,492060,534223,539327,2520040,554783,834880,114287,251164,136121,58296,114355,372980,257659,1304862,5547,1868589,103391,228677,501719,1868589,439193,715663,1000416,846977,1256958,1525407,669713,5413570,10100431,10274540,10033314,1417873,1000416,2198103,87368,292946,4858875,701016,1454678,1504782,436118,585019,1060969,7102144,313326,290110,558275,4565929,995529,9786428,8608193,761108,304865,,,,,,,2018
35,298715,495378,1982,32351,57439,20156,15925,23058,25061,32021,29662,21826,11245,2095428,1039641,1055787,38.1,773039,39940,31807,1029229,183944,3662,31777,1066199,9533,794093,47169,26529,943232,149139,24681,10872,707,29.7,525349,4187,279825,134674,74077,36679,32252,3240,1906,60597,19073,16367,129794,154468,126264,56157,100309,42762,19074385,76947,50055,42745,50641,44145,42909,37283,37196,33655,59049,78823,85598,58218,32477,33728,30624,830,104400,174700,274000,344252,794093,268744,604140,29690,18303,40313,26119,21190,18046,23530,159315,21662,21657,39350,60108,62590,81303,42339,31582,13518,15485,41895,73887,71844,70192,58730,58255,59175,66299,27052,37062,22230,33710,48688,29445,19789,14463,58386,65205,69775,40531,28265,15404,13242,39319,66264,67158,66223,61116,60630,61868,70187,31176,40883,28960,37503,50118,34503,22799,26272,1599938,46064,200659,34155,100567,16997,24298,31214,17422,167827,9305,931954,875151,56803,732519,1673778,941259,3150,1262,3616,2855,55378,52472,43715,63614,221735,274881,480237,138008,8713,791753,97608,0,694145,149079,115088,38753,98893,64495,211029,41230,12086,35268,46457,66250,100817,108307,35706,15860,1814,68490,0.4891,169977,42923,370023,143500,104737,120055,111834,521738,109673,206688,17902,35342,28048,17459,23199,72069,53824,247843,1578,315387,15342,46526,116838,315387,100929,83668,198859,176308,264509,292657,121911,1048001,2051759,2072546,2026309,399456,198859,448058,15686,44623,875031,113481,221735,303375,87087,119066,247490,1416481,41295,48636,130723,830408,1029229,1976934,1303370,521774,149937,,,,,,,2018
42,1835674,3235257,1963,124047,363866,117798,90291,132570,164773,180620,203952,148691,65678,12807060,6271620,6535440,40.8,9723288,1352804,450077,974763,14367,21357,266847,11832297,353633,5070931,60905,33960,5713136,642205,89962,51356,763,29.1,3478645,22869,2076151,806285,526326,345258,162184,13148,5736,279959,70603,61655,759562,853260,812098,399865,747828,518624,158372430,323468,222113,236265,236328,231346,238866,215296,206570,199994,383925,521111,647732,470594,293297,313969,330057,927,112500,186000,295200,2411269,5070931,1592286,3253824,1062639,247288,234854,183108,146766,126878,235557,220642,101852,92658,409940,356108,363901,394554,237583,177886,84109,83598,245666,441575,418852,390222,358356,398749,420345,446876,176930,255485,153160,197463,264321,180612,117936,107333,344308,344262,381273,225628,174524,87303,81580,230150,425450,409196,385062,362473,404865,435582,469873,188303,274064,166429,221819,307967,235776,173246,206307,10256084,1428406,21418,455027,574290,192845,245144,368342,174693,1071650,6079,6570179,6248945,321234,3894540,10470798,6576258,29749,20648,84587,77853,52211,32729,646474,743125,1723226,2292722,2647617,671956,233527,5156081,518838,49384,4637243,1147365,346009,82671,516893,368589,1611283,399037,99820,733387,301820,251890,704752,663552,352412,162839,7943,297907,0.4747,1139256,421994,3113998,715676,567979,614727,614858,2926454,632287,812098,137941,296306,195047,46421,104252,656725,261693,1698385,6545,2420543,326897,562300,426084,2420543,503752,923467,1318028,1083155,1719345,1814441,676938,6662258,12394000,12674699,12398819,1517870,1318028,2206049,216820,315322,6136003,773645,1723226,2761942,498757,808356,933647,8994627,437989,543035,748420,5820681,974763,12106644,10660493,633342,248401,,,,,,,2018
20,406660,726748,1974,28523,77493,28989,23629,30962,40880,48774,52792,34571,16974,2911510,1449745,1461765,37.1,2201742,163132,81824,348443,21136,1963,90708,2563067,6819,1133408,58218,31456,1280553,147145,33677,14374,649,28,749821,3025,442557,214364,152998,95551,52641,3471,1335,61366,14269,12864,244506,239968,203445,81947,138554,52427,26863770,64305,49887,52039,56065,55828,58414,50222,55902,48537,89838,122077,149661,102620,55233,64408,58372,840,87800,159400,253700,570740,1133408,383587,931250,56092,30531,44433,52279,49451,32132,28628,54785,37167,35488,72715,95765,97167,105357,60667,45423,22256,23108,64058,100677,91526,95994,87382,85807,84317,95609,36554,50958,31919,44030,50848,33022,23743,23558,91225,93308,103338,58324,40501,21961,18858,58768,92364,91855,90462,85609,83199,86360,94316,38951,57295,36392,44932,55929,45536,32054,40228,2446823,171141,26829,82444,219656,33665,29781,29707,15864,201066,15727,1499747,1442550,57197,769196,2284670,1515474,5508,2935,10770,8492,19028,12479,130878,154358,402368,512414,705151,142092,6040,1309958,133441,171,1176517,284030,182743,46126,115882,93468,354237,92503,25313,177169,63264,68460,148821,139696,77115,40496,1595,105951,0.4633,243775,79632,485753,87202,155972,165093,159064,770432,161325,172033,26469,65168,44844,14194,21025,101104,80441,353245,2133,550779,28431,60134,125462,550779,139208,216493,297232,238838,335763,431217,200343,1449235,2825680,2874208,2802047,338175,297232,607497,31124,68255,1434639,170965,402368,407584,151384,179315,285148,1911426,63446,45571,296520,1366384,348443,2724520,2404152,215369,86777,,,,,,,2018
45,669718,1258273,1988,67697,129229,47900,31898,46930,61691,66108,71054,47368,22630,5084127,2468707,2615420,39.7,3229793,1345077,80638,294502,16553,11601,102278,4789625,12747,1927991,52306,28957,2318291,390300,66760,23869,692,29.5,1335486,10607,780604,328729,191997,119129,65295,5652,1921,136732,27044,24059,291015,374673,354320,149658,323576,165011,54995090,146174,98335,98970,105352,98060,106616,89956,89166,84302,153639,204249,240687,151985,83136,89476,87888,892,94700,170800,282200,895552,1927991,592505,1461576,72604,44120,66019,95349,78387,65925,62570,369201,130494,93235,65331,147612,157570,165734,98189,84963,38559,38302,92888,165751,154562,151803,150801,152653,153406,166104,61509,89045,55936,84909,113481,73495,42980,28455,139744,149970,157864,87726,69602,33670,34063,95316,173967,160075,164949,155810,163831,167119,183249,75355,102612,66761,95201,136774,89967,55478,56317,3407706,1353599,23672,80969,187870,72119,72214,96556,44004,417138,31087,2444595,2315748,128847,1630096,4105778,2475682,5035,3257,73856,75636,14037,8986,208890,224581,627144,752074,1104409,345762,10643,2093417,217339,1055,1876078,601335,96323,18391,235041,158238,508708,138332,35403,310636,119166,105154,274323,242175,119723,50458,3171,133515,0.4762,362191,135823,1043630,227250,253663,250576,255586,1202171,257230,403491,53262,106144,55036,21001,57452,209608,120214,622717,2132,800792,54558,120400,145577,800792,215152,363362,512146,424296,636418,742942,294716,2592601,4944754,5029034,4913277,755215,512146,1055899,47618,114984,2303417,354718,627144,882586,202018,268230,499163,3492355,144333,140560,245287,2188433,294502,4796771,4443394,222917,85865,,,,,,,2018
24,743563,1472372,1977,38042,170699,60983,50732,64100,83862,96978,90997,54715,22158,6042718,2930350,3112368,38.8,3035148,1782090,376805,628435,9701,25852,182424,5414283,242247,2215935,83242,41522,2458779,242844,52004,25442,1217,29.9,1482669,27131,1073634,416726,275366,194160,71916,7691,1599,141360,33643,30975,263599,363093,367051,184055,431591,348121,96797100,107054,65054,63403,66516,62510,70470,74763,77450,67634,148530,198444,292683,243745,173348,226406,277925,1371,217700,324800,469000,1069433,2215935,733266,1257981,517969,35257,52908,121967,201584,58276,178771,33271,77684,64899,128649,185415,185432,197782,115720,78500,41142,37650,114420,209609,202406,200185,178313,194391,202578,197995,74958,112375,60226,77486,110031,70800,44601,38335,176020,179139,187695,111152,74356,35633,40093,115230,204779,209732,210546,186035,206174,219597,220079,84458,122088,70411,94983,133305,98359,62324,70180,3305047,1810885,13433,378985,164735,112549,164229,328724,136968,478553,32390,3251246,3090469,160777,1569314,4852950,3283636,26313,21457,118143,105355,40851,21175,204852,232593,911761,1369463,1338355,332667,114211,2550480,270693,103933,2279787,607607,186564,15641,266570,220424,736247,183204,60204,138126,175124,328084,289973,480841,146792,49239,3900,159418,0.4543,788934,140447,1009495,221267,289994,307396,307855,1526382,341400,396131,41740,162335,146201,27277,49618,211207,143919,782297,2469,1426906,123971,190764,425460,1426906,241914,273850,608731,539068,707371,824564,333818,3236298,5899819,5974521,5830552,528203,608731,1061018,64267,158983,3066434,281787,911761,878231,255053,546260,524178,4167339,276778,465692,207471,2907451,628435,5681283,4582064,481884,211443,,,,,,,2018
08,804052,1372705,1984,35161,176706,73109,51931,69497,88313,95040,94160,49250,25609,5695564,2864761,2830803,36.9,3859171,223299,177495,1235127,31977,10755,151124,4460437,81665,2176757,71953,38057,2424128,247371,42766,14606,1181,30.7,1417981,33177,994356,392389,292415,173700,108408,7913,2394,99974,27039,25119,363501,419780,404632,181616,390439,234177,70126780,105586,70926,72175,83876,74956,87127,84288,86907,82438,158913,222283,297089,229270,151981,179501,189441,1289,253600,373300,530300,1068185,2176757,758776,1493822,169278,40646,82484,108085,143438,136185,145417,103021,122260,78367,63503,173224,175615,191778,108714,79834,38381,34605,121784,234275,230721,205643,197663,185641,171322,179928,71158,95147,59712,76344,103867,60278,37387,31740,162418,176530,172757,105702,74583,33918,33898,111536,213008,211652,201211,176871,182266,170989,182239,77433,105265,63639,84473,114383,71875,48491,55666,4790677,237578,55146,180277,259631,88976,101747,139496,57169,370070,33124,3105292,2982794,122498,1431733,4570149,3138416,11131,6631,16423,14026,67259,45418,255104,272692,1013989,1309553,1266738,239329,59080,2473696,253437,12109,2220259,685320,282563,67846,311855,244390,626583,209293,82194,194121,143291,142001,330730,419623,142312,68555,3028,188530,0.4561,611560,121148,812615,169179,280003,288929,294164,1404986,297300,317116,58212,171825,110732,24186,33877,159186,145178,703196,3942,1282098,60142,109126,302166,1282098,271212,297160,646737,485587,652675,851478,374948,3092432,5577020,5633029,5502126,537492,646737,1145007,88231,253520,2963212,329255,1013989,661387,245372,444914,570380,3900287,190723,196665,328159,2709692,1235127,5359922,4462738,623015,218388,,,,,,,2018
18,915993,1683176,1974,62888,168437,67725,47947,62856,83348,96730,104383,78948,34158,6691878,3295973,3395905,37.8,5266285,628603,152940,472419,10560,15103,142719,6219459,29453,2599169,55746,29369,2903576,304407,57963,24104,659,28.5,1791749,7258,1166290,475155,305886,187677,105209,10358,2642,169269,43795,40649,469616,490940,441866,208732,374808,214783,73091600,159391,114524,125482,134723,121949,139083,123745,129561,112909,219818,281837,355463,223160,135223,121121,101180,820,91300,147300,226600,1248277,2599169,807420,2101210,108916,71369,102756,142058,104550,60936,67916,142873,89343,68738,160531,215131,220400,230073,136453,101273,48361,49406,139346,231089,208885,219831,191454,207508,208237,219488,87291,119210,73648,91639,122027,80929,49894,44400,202643,209755,221322,131280,90216,52936,44170,131220,226051,208221,215999,199189,209580,216425,228112,87886,132291,76346,108327,141712,108085,71962,82177,5539927,637277,14040,154220,351814,101109,113474,124418,55649,489033,3814,3388035,3238769,149266,1911304,5303153,3391849,9511,4996,32586,32225,25778,15756,343303,367749,771811,981958,1567057,389501,22332,2913921,282715,1293,2631206,630719,335650,40996,280791,196142,735088,172837,41823,629324,149014,115633,353805,269438,177590,76288,5598,204774,0.4511,439255,187652,1480040,242646,342790,359165,361362,1657592,339022,491834,70166,133875,76179,29818,62512,312779,156405,841734,2601,1117127,84563,160301,209581,1117127,277288,641017,672259,531078,827787,995492,410815,3416747,6489261,6612948,6443607,852638,672259,1284953,61795,122285,3175022,397824,771811,1255109,308980,325867,578149,4467893,214583,180067,457342,3052737,472419,6274104,5715809,297188,109258,,,,,,,2018
26,1437465,2520001,1971,85273,253817,97259,64561,93935,122335,135076,140928,103114,43684,9995915,4926816,5069099,39.8,7476047,1363183,324358,517381,46417,14443,250796,9478534,62919,3957466,56697,31508,4614552,657086,58610,35070,710,29.3,2817484,12627,1671899,663450,422149,253324,148014,15338,5473,241301,59207,51805,632841,714767,671639,329195,559941,322062,109262625,270623,176624,178250,200691,183883,204608,187589,187862,162068,312973,413704,504604,341456,209169,219321,204041,861,93000,162500,260300,1849470,3957466,1139982,3312713,207484,106495,121591,198181,166822,100223,148573,251501,84623,59413,354393,292256,295210,322007,199880,137584,77705,69653,206191,354750,304303,306002,273277,311401,326625,342639,141862,196268,117273,155993,203547,141323,81132,69935,276927,291801,297048,189136,133928,72428,72419,191896,334531,297769,295970,290313,318675,334058,358117,148482,214351,127588,170220,234565,165797,118722,134358,7825285,1376751,53012,325828,462089,141718,173818,206235,82004,886264,3785,4973988,4708456,265532,3114245,8092018,4977773,21395,13516,80274,74104,26953,17564,495996,565081,1239251,1606176,2164265,553503,60461,4196504,412152,1198,3784352,1001415,282701,52073,459106,261657,1094332,249818,60815,885248,218435,158401,500757,449833,212300,105681,5456,248255,0.4679,792642,226269,1972855,520948,459719,492430,524346,2399567,538072,612424,113592,214063,145920,34430,85342,429380,296068,1318795,5219,1717417,132978,302725,322424,1717417,368162,796489,987180,839208,1336276,1521313,548897,5149393,9774124,9891083,9665274,1373349,987180,2252674,104812,189655,4615506,657727,1239251,1695003,526294,590176,1068653,6869846,315536,288239,591631,4425851,517381,9426732,8499740,282861,90106,,,,,,,2018
44,159097,247476,1960,9224,32568,11534,10760,13918,19691,18027,20884,12166,6447,1057315,515900,541415,40,754990,61691,35378,168341,2772,8922,25024,888974,11651,406573,64340,34999,469153,62580,10727,4680,851,28.9,251354,3313,171436,64241,39312,25590,12109,1216,397,24929,6096,5227,74389,80634,81010,35837,61370,40083,12516125,27723,21024,18233,16063,15711,16487,15664,16304,11939,31954,38585,49257,44217,25366,29440,28606,998,205300,273800,382100,174713,406573,155219,259639,15483,49447,61514,20972,17457,13550,25978,4873,4242,4575,29961,28267,28829,29430,19050,17042,6484,8016,24148,39085,35118,32268,29218,32195,35729,35315,16408,19743,13235,15398,20349,13163,9040,8370,26163,27862,25913,18394,20149,7941,7758,21174,37778,34368,33293,28358,34106,37976,37896,16996,22200,12293,15504,26492,17919,12793,18089,852805,70749,4341,36064,48596,15302,21614,18484,12023,76107,4034,558359,527497,30862,319094,881487,562393,1553,1451,3415,3614,10103,6280,51156,59228,147507,199152,203908,56878,8403,465031,42327,559,422704,82404,28962,2801,57497,28801,143814,37089,7390,57469,21846,20431,61476,55389,22007,11487,1313,21238,0.47,107154,41231,210606,65963,46134,42842,49786,245923,67605,80586,10815,26260,20162,6145,10817,43571,21620,139390,518,206075,16256,40133,54698,206075,35624,68264,115540,101994,143024,153211,48967,558050,1016469,1047975,1027964,131205,115540,194842,17903,19221,519921,61601,147507,176913,48185,78052,85056,740695,36916,30507,59954,500700,168341,1002885,784840,122953,53598,,,,,,,2018
47,894972,1708168,1984,83868,181672,72430,55654,77902,96355,99127,104078,73987,34083,6770010,3302191,3467819,38.9,4984848,1123551,118553,372901,15812,15771,134385,6397109,19267,2603140,52375,29284,2992412,389272,73313,29420,678,29.5,1723984,13049,1010900,459041,280727,161906,105364,8429,5028,178314,34636,31073,388680,495782,462648,209731,420763,241290,74868850,186723,135643,143510,134076,132513,139633,132401,123990,105926,212194,265872,322410,212572,120758,115243,119676,861,106400,177500,285500,1245738,2603140,879156,2038944,99893,78505,100159,136971,110442,65275,83998,275046,144997,101791,126933,206896,213478,220734,133678,93096,43477,45100,131113,241098,212039,211526,204900,218230,213828,209457,84555,129728,76181,98292,132552,91020,54452,36761,197543,199694,214031,123321,89370,44750,41977,130929,243081,218565,221870,208142,227453,224450,235674,94760,136670,78354,113837,159344,111743,75560,76701,5235588,1137801,19136,119046,262325,88330,103080,143344,54871,503275,15860,3315104,3133153,181951,2100373,5431337,3330964,7255,4432,65591,62615,20589,10715,334167,340848,801616,1021392,1509375,419494,17204,2846602,277378,187,2569224,664549,293619,28473,304309,204744,702065,185598,46035,412442,148661,130329,363023,321396,211817,74261,4591,223801,0.4778,473809,156592,1477132,347639,323178,347876,347930,1583282,315877,564949,56044,138786,81005,35266,74695,301700,168302,855798,4050,1119298,59969,149373,208005,1119298,268218,521174,688519,535944,792873,996193,440900,3536026,6603013,6692936,6533676,1011016,688519,1323317,40058,146837,3092819,348066,801616,1213413,301224,328826,674027,4640823,191410,198215,337463,2945982,372901,6365571,5899662,265195,107532,,,,,,,2018
05,387213,769134,1984,41639,78211,29408,23438,31329,42490,44704,48861,39662,16204,3013825,1476680,1537145,38.1,2174167,454521,46681,230300,17615,4612,76651,2783525,5009,1156347,47062,26626,1380521,224174,36912,16436,559,28.3,760401,4544,410135,213739,125245,73193,45036,5121,1895,88494,17073,15040,222928,222739,172409,70301,145564,70784,27221965,94571,70128,67127,74669,65034,65082,61532,56945,57006,95318,110606,122162,84215,46656,43601,41695,731,75800,133100,212600,553461,1156347,395946,965493,23840,43102,47037,46792,52405,19704,21377,157698,60024,55849,51091,96447,97924,103438,59888,44653,26024,21773,56338,101526,93893,93338,88698,89899,91333,95719,39253,50414,30948,43739,63468,43307,24905,19755,91645,94599,100064,59955,43525,20772,18775,56066,102191,95327,96355,88662,93817,95294,100315,42158,56071,34486,53183,70984,53904,32583,36414,2306096,456714,20951,47548,168747,31886,31915,40073,20835,218592,3605,1379147,1317275,61872,1006856,2389608,1382752,3002,2819,23548,24441,11374,6330,137066,147156,296422,363722,703960,207632,4685,1210850,135838,212,1075012,294512,133441,37561,105474,88455,323433,58886,18073,187817,63754,56663,169215,101361,74995,31588,1350,79602,0.4845,174853,84227,686867,136043,154611,160553,155445,723650,139935,258986,21108,45452,30793,18980,35474,140397,74414,366618,1187,443571,29750,75601,93443,443571,130516,238663,281588,222937,370301,442731,188112,1514263,2925448,2975961,2901703,504504,281588,604811,20052,48766,1301150,154143,296422,570551,133319,125495,317349,2021939,63801,60908,222950,1252384,230300,2825733,2609015,154946,66061,,,,,,,2018
53,1015938,1879637,1983,56730,232491,89987,67479,97368,127511,140329,145112,85487,34093,7535591,3766859,3768732,37.7,5111274,281902,655415,970353,81400,14078,369024,6565238,255079,2895575,74073,39119,3148084,252509,44665,16072,1184,29.1,1818988,74328,1233756,531448,386821,208761,161320,12830,3910,144627,43215,39766,416715,495853,466813,223178,470778,310845,96998425,134537,87576,94801,104171,98670,106507,111311,115731,104777,207383,298579,390219,306373,205508,247929,281503,1316,245600,373100,592800,1454891,2895575,1076587,1981330,125282,73874,110271,139855,157813,137027,218002,197119,149096,119229,148864,236309,239621,236029,134540,94868,46476,50960,150587,306960,288864,278088,233843,239463,229550,241423,92705,134218,85068,105069,147924,92848,54511,46935,221885,226866,232126,134563,88544,44822,44465,137867,280753,276792,261925,232472,233939,227969,246602,100499,145011,86349,119726,166645,109201,68590,81121,5633263,291808,97329,661781,312979,113895,155463,252334,116459,567203,49609,3858829,3692600,166229,2144389,6052827,3908438,40405,30629,20648,16618,49589,28735,337256,374133,1187508,1517004,1661939,333433,215081,2954265,357163,14311,2597102,917810,371750,95932,353006,255141,797249,194379,76419,350875,167796,181637,421357,504490,201410,92909,6610,273035,0.4574,725596,143185,1133822,343758,373519,368871,357441,1776612,384412,437484,94273,194482,126404,34803,51088,219933,216376,937359,5535,1549122,119575,197731,566337,1549122,350794,445313,720860,626511,841326,1082516,500967,4051076,7400557,7453439,7267562,759013,720860,1730653,134410,238682,3659614,533450,1187508,945747,386584,524199,810619,5215063,269358,368793,398599,3420932,970353,7077397,5659802,609588,235323,,,,,,,2018
49,255124,743767,1989,16458,55851,23718,18836,25179,33230,40115,44132,26570,10819,3161105,1592457,1568648,31,2459891,37546,74784,450220,27959,6356,75539,2710885,32863,998891,71414,29756,1108739,109848,19734,6855,923,27.6,703983,8416,491897,292432,238122,112272,119259,4070,2521,54310,15815,15304,222000,266038,217459,95449,155151,70741,30994285,39247,27620,27765,34046,37955,38845,37980,42904,43265,78883,115948,153401,117578,71425,68509,63520,1043,218500,303300,420500,608407,998891,294908,753337,72434,28981,45538,39772,47479,42650,42590,35294,75421,51668,35107,128310,134230,137167,78846,47924,24574,28761,81848,125707,110378,116715,106857,86769,73439,76145,28527,42192,24653,34693,42517,28398,19922,13885,121884,122880,133785,74729,48674,20957,27598,77036,120142,107117,110497,103884,86403,72420,76280,31192,45941,26596,34744,49003,30756,24752,21378,2708195,40365,34678,75898,176971,38627,44667,51867,19144,172452,3716,1583737,1533562,50175,742077,2329530,1587453,4127,3051,1608,1748,22982,13309,127676,125451,427561,534780,931831,119887,20179,1315578,168587,3274,1146991,381769,127088,23563,134109,116509,344063,106439,29624,153370,70339,72591,178581,197083,73732,33559,915,117169,0.4269,224884,48109,423407,69667,206792,211986,214503,1011152,231188,142082,24532,63802,46648,7545,16708,67831,80006,307072,921,597548,22686,39919,159425,597548,138563,197575,366436,233440,239331,402132,200340,1520605,3110944,3114717,3011925,280773,366436,653968,36626,104279,1514189,191808,427561,367329,148992,160409,313168,1871902,83294,71011,228767,1409910,450220,2910911,2450295,313706,97342,,,,,,,2018
39,1761203,2924244,1968,116120,332890,118313,85190,121715,177530,196728,213935,164355,72445,11689442,5732095,5957347,39.5,9182383,1425930,269314,455918,18605,20784,312689,11233524,87413,4685447,56111,31293,5217617,532170,95193,37649,641,27.6,3086226,9946,1924876,786821,477758,305388,152674,13440,6256,309063,74324,66371,756296,857896,851195,432583,675650,331993,124680935,330132,220602,223073,235211,223840,236388,215081,218978,196246,373260,482444,603015,419339,242667,238864,226307,797,92500,151100,236100,2112567,4685447,1599221,3569255,241553,213417,227263,248862,210271,115918,197559,192458,104421,86913,325051,352425,352250,389572,232253,163849,79008,84421,220388,403401,367915,359729,335380,362584,373181,398728,160914,221220,134119,177870,225176,161262,93045,83405,340704,338876,362667,221689,155481,81111,74727,212986,397180,364608,361968,339686,369640,382796,417560,173185,241197,148632,197359,269205,202571,138639,164880,9470940,1446306,25672,271762,563785,177212,188128,181431,87044,989184,8024,5930011,5637441,292570,3469577,9407612,5938035,17480,10605,84278,80813,21982,15145,601042,664028,1431014,1864052,2590436,717947,82442,5004846,454572,2012,4550274,1119161,505824,55716,512223,311464,1361986,358994,88446,847686,249895,211858,642851,551829,300083,144410,8037,317842,0.4667,894596,315594,2625971,599556,555854,588462,608794,2777251,581974,746400,112225,253705,154934,34475,104613,553538,303137,1516627,6942,2104540,173710,372537,262157,2104540,420811,950798,1198723,962569,1554305,1753817,686946,6030872,11362304,11555163,11283396,1578673,1198723,2329054,121772,243314,5524421,690735,1431014,2307090,558156,660793,1080163,8027035,365340,268475,741679,5281107,455918,10996313,10189005,261305,93326,,,,,,,2018
17,1745763,3119101,1969,115994,369525,136578,96026,128193,180732,208816,201622,150463,66802,12741080,6266062,6475018,38.3,7760732,1759316,711970,2208868,17215,24310,255782,10532212,582223,4864864,65030,35801,5376176,511312,112947,58493,866,28.9,3210113,35532,2002424,872610,577001,375381,184375,12713,4532,295609,67928,61410,699770,741384,731334,363418,816344,627158,172692890,309799,187148,196778,230715,199822,212845,191290,198978,174986,348760,488167,607741,465929,297668,352091,402147,995,119300,203400,326600,2293091,4864864,1654751,3139808,310106,312337,346724,347987,208127,195272,386854,126989,88075,77540,324594,390783,384930,431268,257140,172181,86659,89582,252769,453675,438704,425515,395053,402713,404797,416020,169967,224570,127293,178370,227775,159021,90664,86613,368673,377307,406872,238829,167695,79513,78831,251672,444808,428330,421226,402596,412184,416360,439596,174993,244721,145421,191088,273382,196855,141111,172955,9135145,1793079,35846,717938,514884,213344,294600,524178,182719,867386,13798,6662825,6294086,368739,3539681,10216304,6676623,44588,34235,101622,100713,138104,88376,515281,580028,1833666,2517054,2855802,715973,223209,5011077,510939,208693,4500138,912051,590165,68671,571290,340773,1460524,451448,115383,741270,292359,222158,662419,760131,430628,177032,5741,264022,0.4852,1219018,296779,2269285,628384,608036,657975,688566,3173587,655832,914782,125891,308218,215939,77974,107748,452730,329567,1618067,8383,2458382,320836,523229,864440,2458382,445327,942383,1368492,1079502,1679307,1771907,626399,6715828,12447271,12599244,12291165,1509247,1368492,2469625,171445,318593,6191586,704851,1833666,1954212,574145,887459,1190629,8706376,507944,706897,678744,5872993,2208868,11981624,9167587,1640227,601206,,,,,,,2018
51,1081217,2094307,1982,74197,226563,92448,74039,96096,119131,135310,140186,87393,36956,8517685,4190738,4326947,38.3,5224295,1597761,550696,812810,18281,20390,288865,7704875,191112,3175524,72577,38900,3538985,363461,59909,30885,1045,29.4,2093205,41127,1419521,578988,398489,245663,140317,9658,2851,180499,40948,36748,465824,606516,554607,272179,583400,390041,114448400,166161,115412,114457,121666,117078,119690,115397,124891,117099,215019,302261,406431,308544,222485,267953,340980,1215,168700,281700,457500,1579078,3175524,1082319,2161105,386634,58522,97495,166304,197466,80379,205641,184169,125327,112030,156507,259000,262188,276222,161071,123123,65440,61657,174628,301051,294866,284367,266438,273691,274380,279151,106588,142496,87777,121278,153157,101913,67364,52892,243102,252591,258192,157274,123199,58252,56655,163084,285283,288988,294494,269267,282522,285102,295157,113571,166370,98254,137836,181200,134064,87196,95294,5737580,1631512,22265,555422,290363,138331,179161,297189,122467,708000,117988,4364136,4180915,183221,2375789,6857913,4482124,38267,24829,101498,96800,45852,28190,351752,371572,1296041,1855841,1869640,430239,86910,3620295,384725,83607,3235570,930787,290691,39008,372216,286162,923908,253063,76293,294616,219960,372750,423982,653649,194452,70856,4340,284770,0.4754,994416,244557,1398061,269106,411119,428386,438505,2124272,480352,588385,74390,214904,200122,40431,76418,284620,185421,1076306,4087,1867088,117361,197251,491078,1867088,344812,459824,823922,685269,944293,1206103,543107,4503782,8264095,8424340,8222578,884647,823922,1545104,93874,236778,4221015,453566,1296041,1168982,349941,731653,741597,5822007,317492,419656,374522,3984237,812810,8015583,6703197,598102,248926,,,,,,,2018
34,1017931,2231636,1967,54362,305721,98667,71272,93155,130208,144288,133050,97591,42305,8908520,4350386,4558134,40,4864534,1137645,861223,1839359,8921,40261,154800,7069161,514636,3249567,81740,42815,3628198,378631,54581,34676,1188,30.6,2078948,47882,1377645,598960,426549,273831,134847,14237,3634,172411,40349,38453,461218,516563,532974,267361,561522,434277,136032825,160863,100237,114845,119681,105619,113081,106240,101910,94438,196703,285234,397522,326712,243495,329913,453074,1336,227200,344000,499800,1663794,3249567,1170619,1939149,349571,329672,213252,169496,182005,143938,266524,34021,78332,66821,261854,262379,266746,291286,172330,110980,52498,57916,170254,297669,287650,287669,283945,293636,307443,307907,119270,160285,90810,118476,162899,113294,67888,67156,255315,251159,281806,169984,103018,53664,48099,171843,281977,283797,296696,279281,306908,325612,326781,128080,176348,104137,136670,199361,146606,102390,128602,5956539,1207995,21131,868213,315944,142438,205813,446434,230769,591628,11003,4718206,4487823,230383,2454360,7183569,4729209,61121,46570,77514,66939,117441,81298,339892,388468,1535321,2073911,1951005,411462,261269,3475992,360215,101066,3115777,701763,180703,14776,357081,272033,1074470,374447,115390,359406,201547,189363,493889,605829,277814,151778,3743,190618,0.4836,989671,182113,1629398,283697,426245,453960,462909,2194158,453314,607496,72800,271541,195263,49034,60263,336573,203067,1188541,4921,1947256,285746,370267,839560,1947256,323787,516897,989049,710834,1096971,1163786,427925,4750954,8739304,8815804,8604563,832133,989049,1427357,112666,205170,4397527,409253,1535321,1481835,318012,707352,700092,6189243,348251,677203,392988,4192357,1839359,8390826,5735066,1394122,590969,,,,,,,2018
32,423172,706638,1994,26495,112176,47649,33067,42740,50253,65150,58930,36777,15022,3034392,1522374,1512018,38.2,1469593,266440,244471,881145,30185,11810,112499,2153247,41741,1129810,58646,31604,1268717,138907,46990,10636,963,30.6,641551,8408,435070,211588,129302,75509,49539,3204,1050,82286,26013,23490,183006,226316,241992,107846,235274,74434,34082115,74368,41667,44630,53460,47139,58742,51823,59290,50181,92355,115225,150362,103695,60008,66152,60713,1108,209400,292200,398200,489381,1129810,488259,756031,57457,18280,82589,97930,69141,37898,82799,65075,59883,42449,14703,94188,95246,104639,59231,35282,21473,19884,50018,115960,111423,105910,99036,102078,97981,94209,36787,55113,28878,44877,65294,40466,25525,18876,90351,93634,96986,54945,32940,19211,15969,53821,110026,105304,100473,99709,100759,95349,96850,35669,58818,35396,49278,68273,45551,27302,25404,1924976,280385,44666,250137,106502,34921,50716,45584,32026,208089,8429,1531366,1446090,85276,881195,2420990,1539795,15015,14857,18106,14975,54798,33323,105599,118270,339675,395986,689220,171921,41143,1266024,149253,156,1116771,332131,161860,20512,339367,109882,235069,78138,22667,67616,67433,58680,161963,162451,92135,30177,2187,78484,0.469,182159,37615,581662,135734,152962,158271,160748,701302,129639,274055,31337,56864,34067,24466,32219,106546,100669,386168,2891,440100,42938,84387,285463,440100,130919,179494,335432,360145,398223,408155,160561,1621454,2991978,3003761,2928345,387327,335432,719023,25010,59394,1426768,176618,339675,496764,161243,124305,381162,2096574,85637,77610,135259,1367374,881145,2849853,1968113,606278,228383,,,,,,,2018
48,3045815,6730268,1987,274630,807503,326954,242330,313730,413766,451034,463767,310544,137743,28701845,14250184,14451661,34.9,11881257,3409081,1413916,11368844,70676,45166,493947,17333001,176785,9776083,60629,30641,11101498,1325415,340043,99601,887,29.5,6034082,56050,3408366,2308836,1487851,783968,651171,37681,15031,820985,172178,155407,1645155,1991021,1812959,791878,1902186,1123075,336985505,632765,416618,413164,468286,429986,463483,423227,422627,393871,764659,965677,1197757,883315,562096,632119,706433,1046,105700,186000,301900,4871974,9776083,3742001,7203628,281543,208548,346725,550430,694291,412416,607593,777298,776363,547254,360057,1024376,1006694,1119069,626274,430689,213407,207745,607828,1082880,1041834,1005548,952689,914323,842988,819434,321317,427209,245888,331003,438057,282692,176359,131881,986405,977725,1052453,606488,405890,197543,196014,566148,1045308,1011938,1025580,926806,925514,868174,875056,327497,463403,278765,375610,504971,344792,238527,251054,21099066,3527027,149997,1430857,1139423,393098,490912,764390,287146,1437444,81114,14185653,13491168,694485,7851156,22117923,14266767,96217,63498,209447,183848,645484,448511,781289,852448,3627047,4614669,7399484,1898189,150427,12065524,1301251,9381,10764273,2613184,1526365,394429,1263471,1188835,2902134,889961,217728,1126931,697821,531815,1530829,1566465,821118,359631,15807,669645,0.4822,1973730,600251,4627856,1211269,1608867,1729526,1673965,7735600,1532999,2963969,224459,606732,370047,302333,301511,864820,655369,3325271,15488,4931037,271609,518223,3071353,4931037,1487805,1773505,2947413,2351408,3168087,3918298,1501830,14877498,28074573,28333482,27518525,4180675,2947413,5284495,195470,693158,13337175,1334999,3627047,3801672,1136683,1438527,2812813,18477097,884010,1051536,1442197,12644017,11368844,26691064,17131619,7836986,3106302,,,,,,,2018
